timestamp,cctv1_count,cctv2_count,cctv3_count,ground_truth_unique_vehicle_count,ground_truth_occupied_space_count,tags,overlap_cctv,notes
0:00,6,12,10,18,18,11,1_2;2_3,
0:10,6,12,10,18,18,11,1_2;2_3,
0:20,6,12,10,18,18,11,1_2;2_3,
0:30,7,14,10,20,18,11,1_2;2_3,
0:40,8,14,10,20,18,11,1_2;2_3,
0:50,8,14,10,20,18,11,1_2;2_3,
1:00,8,14,10,20,18,11,1_2;2_3,
1:10,6,13,10,19,18,11,1_2;2_3,
1:20,6,12,10,18,18,11,1_2;2_3,
1:30,6,12,10,18,18,11,1_2;2_3,
1:40,6,12,10,18,18,11,1_2;2_3,
1:50,6,12,10,18,18,11,1_2;2_3,
2:00,6,12,10,18,18,11,1_2;2_3,
2:10,6,12,10,18,18,11,1_2;2_3,
2:20,7,14,10,20,18,11,1_2;2_3,
2:30,8,14,10,20,18,11,1_2;2_3,
2:40,6,12,10,18,18,11,1_2;2_3,
2:50,6,12,10,18,18,11,1_2;2_3,
3:00,6,12,10,18,18,11,1_2;2_3,
3:10,7,13,10,19,18,11,1_2;2_3,
3:20,6,13,11,19,18,11,1_2;2_3,
3:30,6,13,11,19,18,11,1_2;2_3,
3:40,6,13,11,19,18,11,1_2;2_3,
3:50,6,13,11,19,18,11,1_2;2_3,
4:00,6,13,11,19,18,11,1_2;2_3,
4:10,6,13,11,19,18,11,1_2;2_3,
4:20,6,13,11,19,19,11,1_2;2_3,
4:30,6,13,11,19,19,11,1_2;2_3,
4:40,6,13,11,19,19,11,1_2;2_3,
4:50,6,13,11,19,19,11,1_2;2_3,
5:00,6,13,11,19,19,11,1_2;2_3,
5:10,6,13,11,19,19,11,1_2;2_3,
5:20,6,13,11,19,19,11,1_2;2_3,
5:30,6,13,11,19,19,11,1_2;2_3,
5:40,6,13,11,19,19,11,1_2;2_3,
5:50,6,13,11,19,19,11,1_2;2_3,
6:00,6,13,11,19,19,11,1_2;2_3,
6:10,6,13,11,19,19,11,1_2;2_3,
6:20,6,13,11,19,19,11,1_2;2_3,
6:30,6,13,11,19,19,11,1_2;2_3,
6:40,6,13,11,19,19,11,1_2;2_3,
6:50,6,13,11,19,19,11,1_2;2_3,
7:00,6,13,11,19,19,11,1_2;2_3,
7:10,6,13,11,19,19,11,1_2;2_3,
7:20,6,13,11,19,19,11,1_2;2_3,
7:30,6,13,11,19,19,11,1_2;2_3,
7:40,6,13,11,19,19,11,1_2;2_3,
7:50,6,13,11,19,19,11,1_2;2_3,
8:00,6,13,11,19,19,11,1_2;2_3,
8:10,6,13,11,19,19,11,1_2;2_3,
8:20,6,13,11,19,19,11,1_2;2_3,
8:30,6,13,11,19,19,11,1_2;2_3,
8:40,6,13,11,19,19,11,1_2;2_3,
8:50,6,13,11,19,19,11,1_2;2_3,
9:00,6,13,11,19,19,11,1_2;2_3,
9:10,6,13,11,19,19,11,1_2;2_3,
9:20,6,13,11,19,19,11,1_2;2_3,
9:30,6,13,11,19,19,11,1_2;2_3,
9:40,6,13,11,19,19,11,1_2;2_3,
9:50,6,13,11,19,19,11,1_2;2_3,
10:00,6,13,11,19,19,11,1_2;2_3,
10:10,6,13,11,19,19,11,1_2;2_3,
10:20,6,13,11,19,19,11,1_2;2_3,
10:30,6,13,11,19,19,11,1_2;2_3,
10:40,6,13,11,19,19,11,1_2;2_3,
10:50,6,13,11,19,19,11,1_2;2_3,
11:00,6,13,11,19,19,11,1_2;2_3,
11:10,6,13,11,19,19,11,1_2;2_3,
11:20,6,13,11,19,19,11,1_2;2_3,
11:30,6,13,11,19,19,11,1_2;2_3,
11:40,6,13,11,19,19,11,1_2;2_3,
11:50,6,13,11,19,19,11,1_2;2_3,
12:00,6,13,11,19,19,11,1_2;2_3,
12:10,6,13,11,19,19,11,1_2;2_3,
12:20,6,13,11,19,19,11,1_2;2_3,
12:30,6,13,11,19,19,11,1_2;2_3,
12:40,6,13,11,19,19,11,1_2;2_3,
12:50,6,13,11,19,19,11,1_2;2_3,
13:00,6,13,11,19,19,11,1_2;2_3,
13:10,6,14,11,20,19,11,1_2;2_3,
13:20,6,13,11,19,19,11,1_2;2_3,
13:30,7,14,11,20,19,11,1_2;2_3,
13:40,6,13,11,19,19,11,1_2;2_3,
13:50,6,13,11,19,19,11,1_2;2_3,
14:00,6,13,11,19,19,11,1_2;2_3,
14:10,6,13,11,19,19,11,1_2;2_3,
14:20,6,13,11,19,19,11,1_2;2_3,
14:30,6,13,11,19,19,11,1_2;2_3,
14:40,6,13,11,19,19,11,1_2;2_3,
14:50,6,14,11,19,18,11,1_2;2_3,
15:00,7,15,11,20,18,11,1_2;2_3,
15:10,7,15,11,20,18,11,1_2;2_3,
15:20,7,14,11,19,18,11,1_2;2_3,
15:30,6,14,11,19,18,11,1_2;2_3,
15:40,6,14,11,19,18,11,1_2;2_3,
15:50,6,14,11,19,17,11,1_2;2_3,
16:00,6,14,10,19,17,11,1_2;2_3,
16:10,6,13,10,18,17,11,1_2;2_3,
16:20,6,13,10,18,18,11,1_2;2_3,
16:30,6,13,10,18,18,11,1_2;2_3,
16:40,6,13,10,18,18,11,1_2;2_3,
16:50,6,13,10,18,18,11,1_2;2_3,
17:00,6,13,10,18,17,11,1_2;2_3,
17:10,6,13,10,18,17,11,1_2;2_3,
17:20,6,13,10,18,17,11,1_2;2_3,
17:30,6,13,10,18,18,11,1_2;2_3,
17:40,6,13,10,18,18,11,1_2;2_3,
17:50,6,13,10,18,18,11,1_2;2_3,
18:00,6,13,10,18,18,11,1_2;2_3,
18:10,6,13,10,18,18,11,1_2;2_3,
18:20,6,13,10,18,18,11,1_2;2_3,
18:30,6,13,10,18,18,11,1_2;2_3,
18:40,6,13,10,18,18,11,1_2;2_3,
18:50,6,13,10,18,18,11,1_2;2_3,
19:00,6,13,10,18,18,11,1_2;2_3,
19:10,6,13,10,18,18,11,1_2;2_3,
19:20,6,13,10,18,18,11,1_2;2_3,
19:30,6,13,10,18,18,11,1_2;2_3,
19:40,6,13,10,18,18,11,1_2;2_3,
19:50,6,13,10,18,18,11,1_2;2_3,
20:00,6,13,10,18,18,11,1_2;2_3,
20:10,7,14,10,19,18,11,1_2;2_3,
20:20,7,14,10,19,18,11,1_2;2_3,
20:30,6,14,10,19,18,11,1_2;2_3,
