restart_sec,end_sec,variant,scope,N,exact_rate,mae,max_abs_error,over_rate,under_rate,time_to_first_exact_sec,time_to_stable_exact_sec,stable_confirmed_at_sec,stable_samples,never_stabilized,post_stable_exact_rate,first_30s_N,first_30s_mae,first_30s_exact_rate,first_60s_N,first_60s_mae,first_60s_exact_rate,first_120s_N,first_120s_mae,first_120s_exact_rate
0.0,330.0,RESET_SAFE,INCLUSIVE_STARTUP,33,0.0,2.1818181818181817,4.0,0.0,1.0,,,,3,True,,3,4.0,0.0,6,4.0,0.0,12,3.0,0.0
0.0,330.0,RESET_SAFE,AFTER_RESTART_WARMUP,32,0.0,2.125,4.0,0.0,1.0,,,,3,True,,2,4.0,0.0,5,4.0,0.0,11,2.909090909090909,0.0
0.0,330.0,RESET_CANDIDATE,INCLUSIVE_STARTUP,33,0.0,2.1818181818181817,4.0,0.0,1.0,,,,3,True,,3,4.0,0.0,6,4.0,0.0,12,3.0,0.0
0.0,330.0,RESET_CANDIDATE,AFTER_RESTART_WARMUP,32,0.0,2.125,4.0,0.0,1.0,,,,3,True,,2,4.0,0.0,5,4.0,0.0,11,2.909090909090909,0.0
0.0,330.0,RESET_RECOVERY,INCLUSIVE_STARTUP,33,0.0,2.696969696969697,18.0,0.0,1.0,,,,3,True,,3,9.333333333333334,0.0,6,6.833333333333333,0.0,12,4.416666666666667,0.0
0.0,330.0,RESET_RECOVERY,AFTER_RESTART_WARMUP,32,0.0,2.21875,5.0,0.0,1.0,,,,3,True,,2,5.0,0.0,5,4.6,0.0,11,3.1818181818181817,0.0
0.0,330.0,CONTINUOUS_SAFE,INCLUSIVE_STARTUP,33,0.0,1.5151515151515151,3.0,0.0,1.0,,,,3,True,,3,2.0,0.0,6,2.0,0.0,12,1.5,0.0
0.0,330.0,CONTINUOUS_SAFE,AFTER_RESTART_WARMUP,32,0.0,1.5,3.0,0.0,1.0,,,,3,True,,2,2.0,0.0,5,2.0,0.0,11,1.4545454545454546,0.0
0.0,330.0,CONTINUOUS_CANDIDATE,INCLUSIVE_STARTUP,33,0.0,1.5151515151515151,3.0,0.0,1.0,,,,3,True,,3,2.0,0.0,6,2.0,0.0,12,1.5,0.0
0.0,330.0,CONTINUOUS_CANDIDATE,AFTER_RESTART_WARMUP,32,0.0,1.5,3.0,0.0,1.0,,,,3,True,,2,2.0,0.0,5,2.0,0.0,11,1.4545454545454546,0.0
330.0,660.0,RESET_SAFE,INCLUSIVE_STARTUP,33,0.0,2.0303030303030303,3.0,0.0,1.0,,,,3,True,,3,2.3333333333333335,0.0,6,2.1666666666666665,0.0,12,2.0833333333333335,0.0
330.0,660.0,RESET_SAFE,AFTER_RESTART_WARMUP,32,0.0,2.0,2.0,0.0,1.0,,,,3,True,,2,2.0,0.0,5,2.0,0.0,11,2.0,0.0
330.0,660.0,RESET_CANDIDATE,INCLUSIVE_STARTUP,33,0.0,2.0303030303030303,3.0,0.0,1.0,,,,3,True,,3,2.3333333333333335,0.0,6,2.1666666666666665,0.0,12,2.0833333333333335,0.0
330.0,660.0,RESET_CANDIDATE,AFTER_RESTART_WARMUP,32,0.0,2.0,2.0,0.0,1.0,,,,3,True,,2,2.0,0.0,5,2.0,0.0,11,2.0,0.0
330.0,660.0,RESET_RECOVERY,INCLUSIVE_STARTUP,33,0.0,2.6363636363636362,19.0,0.0,1.0,,,,3,True,,3,9.0,0.0,6,5.5,0.0,12,3.75,0.0
330.0,660.0,RESET_RECOVERY,AFTER_RESTART_WARMUP,32,0.0,2.125,5.0,0.0,1.0,,,,3,True,,2,4.0,0.0,5,2.8,0.0,11,2.3636363636363638,0.0
330.0,660.0,CONTINUOUS_SAFE,INCLUSIVE_STARTUP,33,0.0,2.0,2.0,0.0,1.0,,,,3,True,,3,2.0,0.0,6,2.0,0.0,12,2.0,0.0
330.0,660.0,CONTINUOUS_SAFE,AFTER_RESTART_WARMUP,32,0.0,2.0,2.0,0.0,1.0,,,,3,True,,2,2.0,0.0,5,2.0,0.0,11,2.0,0.0
330.0,660.0,CONTINUOUS_CANDIDATE,INCLUSIVE_STARTUP,33,0.0,2.0,2.0,0.0,1.0,,,,3,True,,3,2.0,0.0,6,2.0,0.0,12,2.0,0.0
330.0,660.0,CONTINUOUS_CANDIDATE,AFTER_RESTART_WARMUP,32,0.0,2.0,2.0,0.0,1.0,,,,3,True,,2,2.0,0.0,5,2.0,0.0,11,2.0,0.0
660.0,990.0,RESET_SAFE,INCLUSIVE_STARTUP,33,0.0,1.2727272727272727,3.0,0.0,1.0,,,,3,True,,3,2.0,0.0,6,2.0,0.0,12,1.5,0.0
660.0,990.0,RESET_SAFE,AFTER_RESTART_WARMUP,32,0.0,1.25,3.0,0.0,1.0,,,,3,True,,2,2.0,0.0,5,2.0,0.0,11,1.4545454545454546,0.0
660.0,990.0,RESET_CANDIDATE,INCLUSIVE_STARTUP,33,0.0,1.3333333333333333,3.0,0.0,1.0,,,,3,True,,3,2.0,0.0,6,2.0,0.0,12,1.5,0.0
660.0,990.0,RESET_CANDIDATE,AFTER_RESTART_WARMUP,32,0.0,1.3125,3.0,0.0,1.0,,,,3,True,,2,2.0,0.0,5,2.0,0.0,11,1.4545454545454546,0.0
660.0,990.0,RESET_RECOVERY,INCLUSIVE_STARTUP,33,0.0,1.7878787878787878,19.0,0.0,1.0,,,,3,True,,3,7.666666666666667,0.0,6,4.833333333333333,0.0,12,2.9166666666666665,0.0
660.0,990.0,RESET_RECOVERY,AFTER_RESTART_WARMUP,32,0.0,1.25,3.0,0.0,1.0,,,,3,True,,2,2.0,0.0,5,2.0,0.0,11,1.4545454545454546,0.0
660.0,990.0,CONTINUOUS_SAFE,INCLUSIVE_STARTUP,33,0.6363636363636364,0.5454545454545454,2.0,0.06060606060606061,0.30303030303030304,100.0,100.0,120.0,3,False,0.9130434782608695,3,2.0,0.0,6,2.0,0.0,12,1.3333333333333333,0.16666666666666666
660.0,990.0,CONTINUOUS_SAFE,AFTER_RESTART_WARMUP,32,0.65625,0.5,2.0,0.0625,0.28125,100.0,100.0,120.0,3,False,0.9130434782608695,2,2.0,0.0,5,2.0,0.0,11,1.2727272727272727,0.18181818181818182
660.0,990.0,CONTINUOUS_CANDIDATE,INCLUSIVE_STARTUP,33,0.696969696969697,0.48484848484848486,2.0,0.0,0.30303030303030304,100.0,100.0,120.0,3,False,1.0,3,2.0,0.0,6,2.0,0.0,12,1.3333333333333333,0.16666666666666666
660.0,990.0,CONTINUOUS_CANDIDATE,AFTER_RESTART_WARMUP,32,0.71875,0.4375,2.0,0.0,0.28125,100.0,100.0,120.0,3,False,1.0,2,2.0,0.0,5,2.0,0.0,11,1.2727272727272727,0.18181818181818182
900.0,1230.0,RESET_SAFE,INCLUSIVE_STARTUP,34,0.0,1.3529411764705883,3.0,0.0,1.0,,,,3,True,,3,1.0,0.0,6,1.1666666666666667,0.0,12,1.6666666666666667,0.0
900.0,1230.0,RESET_SAFE,AFTER_RESTART_WARMUP,33,0.0,1.3636363636363635,3.0,0.0,1.0,,,,3,True,,2,1.0,0.0,5,1.2,0.0,11,1.7272727272727273,0.0
900.0,1230.0,RESET_CANDIDATE,INCLUSIVE_STARTUP,34,0.0,1.4705882352941178,3.0,0.0,1.0,,,,3,True,,3,1.0,0.0,6,1.1666666666666667,0.0,12,1.8333333333333333,0.0
900.0,1230.0,RESET_CANDIDATE,AFTER_RESTART_WARMUP,33,0.0,1.4848484848484849,3.0,0.0,1.0,,,,3,True,,2,1.0,0.0,5,1.2,0.0,11,1.9090909090909092,0.0
900.0,1230.0,RESET_RECOVERY,INCLUSIVE_STARTUP,34,0.0,2.088235294117647,18.0,0.0,1.0,,,,3,True,,3,8.0,0.0,6,5.166666666666667,0.0,12,3.75,0.0
900.0,1230.0,RESET_RECOVERY,AFTER_RESTART_WARMUP,33,0.0,1.606060606060606,3.0,0.0,1.0,,,,3,True,,2,3.0,0.0,5,2.6,0.0,11,2.4545454545454546,0.0
900.0,1230.0,CONTINUOUS_SAFE,INCLUSIVE_STARTUP,34,0.8529411764705882,0.14705882352941177,1.0,0.14705882352941177,0.0,0.0,0.0,20.0,3,False,0.8529411764705882,3,0.0,1.0,6,0.0,1.0,12,0.16666666666666666,0.8333333333333334
900.0,1230.0,CONTINUOUS_SAFE,AFTER_RESTART_WARMUP,33,0.8484848484848485,0.15151515151515152,1.0,0.15151515151515152,0.0,10.0,10.0,30.0,3,False,0.8484848484848485,2,0.0,1.0,5,0.0,1.0,11,0.18181818181818182,0.8181818181818182
900.0,1230.0,CONTINUOUS_CANDIDATE,INCLUSIVE_STARTUP,34,0.9705882352941176,0.029411764705882353,1.0,0.029411764705882353,0.0,0.0,0.0,20.0,3,False,0.9705882352941176,3,0.0,1.0,6,0.0,1.0,12,0.0,1.0
900.0,1230.0,CONTINUOUS_CANDIDATE,AFTER_RESTART_WARMUP,33,0.9696969696969697,0.030303030303030304,1.0,0.030303030303030304,0.0,10.0,10.0,30.0,3,False,0.9696969696969697,2,0.0,1.0,5,0.0,1.0,11,0.0,1.0
