protocol,variant,split,under_rate,N,exact_rate,mae,max_abs_error,false_empty_bias_rate,over_rate
original,SAFE_BASELINE,DEV,0.8426966292134831,89,0.15730337078651685,1.4606741573033708,3,0.8426966292134831,0.0
original,SAFE_BASELINE,TEST,0.0,34,0.8529411764705882,0.14705882352941177,1,0.0,0.14705882352941177
original,TRANSITION_GUARD,DEV,0.7752808988764045,89,0.2247191011235955,0.8426966292134831,2,0.7752808988764045,0.0
original,TRANSITION_GUARD,TEST,0.0,34,0.7058823529411765,0.29411764705882354,1,0.0,0.29411764705882354
original,SEG_ASSIST,DEV,0.7752808988764045,89,0.2247191011235955,0.8426966292134831,2,0.7752808988764045,0.0
original,SEG_ASSIST,TEST,0.0,34,0.7058823529411765,0.29411764705882354,1,0.0,0.29411764705882354
original,SELECTED,DEV,0.8426966292134831,89,0.15730337078651685,1.4606741573033708,3,0.8426966292134831,0.0
original,SELECTED,TEST,0.0,34,0.8529411764705882,0.14705882352941177,1,0.0,0.14705882352941177
original,EMPTY_REF,DEV,0.651685393258427,89,0.10112359550561797,1.0224719101123596,3,0.651685393258427,0.24719101123595505
original,EMPTY_REF,TEST,0.0,34,0.0,2.9705882352941178,4,0.0,1.0
original,CANDIDATE,DEV,0.8426966292134831,89,0.1573033707865168,1.4606741573033708,3,,0.0
original,CANDIDATE,TEST,0.0,34,0.9705882352941176,0.0294117647058823,1,,0.0294117647058823
