protocol,restart_sec,variant,N,exact_rate,mae,max_abs_error,over_rate,under_rate,time_to_first_exact_sec,time_to_stable_exact_sec,stable_confirmed_at_sec,stable_samples,never_stabilized,post_stable_exact_rate,post_stable_mae,time_to_first_relapse_sec,relapse_count,longest_exact_run_samples,tail_exact_samples,first_30s_N,first_30s_mae,first_30s_exact_rate,first_60s_N,first_60s_mae,first_60s_exact_rate,first_120s_N,first_120s_mae,first_120s_exact_rate
original,0,CONTINUOUS_SAFE,33,0.0000,1.5152,3.0,0.0,1.0,not reached,,,3,True,not reached,,,0,0,0,3,2.0000,0.0,6,2.0000,0.0,12,1.5,0.0
original,0,RESET_SAFE,33,0.0000,2.1818,4.0,0.0,1.0,not reached,,,3,True,not reached,,,0,0,0,3,4.0000,0.0,6,4.0000,0.0,12,3.0,0.0
original,0,RESET_RECOVERY,33,0.0000,2.6970,18.0,0.0,1.0,not reached,,,3,True,not reached,,,0,0,0,3,9.3333,0.0,6,6.8333,0.0,12,4.416666666666667,0.0
original,330,CONTINUOUS_SAFE,33,0.0000,2.0000,2.0,0.0,1.0,not reached,,,3,True,not reached,,,0,0,0,3,2.0000,0.0,6,2.0000,0.0,12,2.0,0.0
original,330,RESET_SAFE,33,0.0000,2.0303,3.0,0.0,1.0,not reached,,,3,True,not reached,,,0,0,0,3,2.3333,0.0,6,2.1667,0.0,12,2.0833333333333335,0.0
original,330,RESET_RECOVERY,33,0.0000,2.6364,19.0,0.0,1.0,not reached,,,3,True,not reached,,,0,0,0,3,9.0000,0.0,6,5.5000,0.0,12,3.75,0.0
original,660,CONTINUOUS_SAFE,33,63.6364,0.5455,2.0,0.06060606060606061,0.30303030303030304,100.0000,100.0,120.0,3,False,91.3043,0.08695652173913043,300.0,1,20,1,3,2.0000,0.0,6,2.0000,0.0,12,1.3333333333333333,0.16666666666666666
original,660,RESET_SAFE,33,0.0000,1.2727,3.0,0.0,1.0,not reached,,,3,True,not reached,,,0,0,0,3,2.0000,0.0,6,2.0000,0.0,12,1.5,0.0
original,660,RESET_RECOVERY,33,0.0000,1.7879,19.0,0.0,1.0,not reached,,,3,True,not reached,,,0,0,0,3,7.6667,0.0,6,4.8333,0.0,12,2.9166666666666665,0.0
original,900,CONTINUOUS_SAFE,34,85.2941,0.1471,1.0,0.14705882352941177,0.0,0.0000,0.0,20.0,3,False,85.2941,0.14705882352941177,60.0,2,19,19,3,0.0000,1.0,6,0.0000,1.0,12,0.16666666666666666,0.8333333333333334
original,900,RESET_SAFE,34,0.0000,1.3529,3.0,0.0,1.0,not reached,,,3,True,not reached,,,0,0,0,3,1.0000,0.0,6,1.1667,0.0,12,1.6666666666666667,0.0
original,900,RESET_RECOVERY,34,0.0000,2.0882,18.0,0.0,1.0,not reached,,,3,True,not reached,,,0,0,0,3,8.0000,0.0,6,5.1667,0.0,12,3.75,0.0
