time_sec,cctv,local_id,global_id,full_detected,full_det_conf,full_center_x,full_center_y,full_track_speed_px_s,full_track_motion_span_px
900.0,cctv3,C3_S009,G029,0,0.0,,,0.0,0.0
901.0,cctv3,C3_S009,G029,0,0.0,,,0.0,0.0
902.0,cctv3,C3_S009,G029,0,0.0,,,0.0,0.0
903.0,cctv3,C3_S009,G029,0,0.0,,,0.0,0.0
904.0,cctv3,C3_S009,G029,0,0.0,,,0.0,0.0
905.0,cctv3,C3_S009,G029,1,0.1944629698991775,665.8663635253906,131.5555076599121,5.455163443575991,5.12245616023339
906.0,cctv3,C3_S009,G029,1,0.1351448893547058,662.0492248535156,130.88225936889648,4.61770400641763,8.513232482614434
907.0,cctv3,C3_S009,G029,0,0.0,,,0.0,0.0
908.0,cctv3,C3_S009,G029,1,0.2343703508377075,666.1983337402344,131.53324508666992,5.966332508221488,8.513232482614434
909.0,cctv3,C3_S009,G029,0,0.0,,,0.0,0.0
910.0,cctv3,C3_S009,G029,0,0.0,,,0.0,0.0
911.0,cctv3,C3_S009,G029,0,0.0,,,0.0,0.0
912.0,cctv3,C3_S009,G029,0,0.0,,,0.0,0.0
913.0,cctv3,C3_S009,G029,1,0.4486895203590393,665.9544067382812,132.86334609985352,3.290875785715435,13.436058984553512
914.0,cctv3,C3_S009,G029,0,0.0,,,0.0,0.0
915.0,cctv3,C3_S009,G029,0,0.0,,,0.0,0.0
916.0,cctv3,C3_S009,G029,0,0.0,,,0.0,0.0
917.0,cctv3,C3_S009,G029,0,0.0,,,0.0,0.0
918.0,cctv3,C3_S009,G029,0,0.0,,,0.0,0.0
919.0,cctv3,C3_S009,G029,0,0.0,,,0.0,0.0
920.0,cctv3,C3_S009,G029,0,0.0,,,0.0,0.0
921.0,cctv3,C3_S009,G029,0,0.0,,,0.0,0.0
922.0,cctv3,C3_S009,G029,0,0.0,,,0.0,0.0
923.0,cctv3,C3_S009,G029,0,0.0,,,0.0,0.0
924.0,cctv3,C3_S009,G029,0,0.0,,,0.0,0.0
925.0,cctv3,C3_S009,G029,0,0.0,,,0.0,0.0
926.0,cctv3,C3_S009,G029,0,0.0,,,0.0,0.0
927.0,cctv3,C3_S009,G029,0,0.0,,,0.0,0.0
928.0,cctv3,C3_S009,G029,0,0.0,,,0.0,0.0
929.0,cctv3,C3_S009,G029,0,0.0,,,0.0,0.0
930.0,cctv3,C3_S009,G029,0,0.0,,,0.0,0.0
