fit,variant,N,exact_percent,mae
original,RESET_SAFE,33,0.0000,1.363636
original,RESET_CANDIDATE,33,0.0000,1.484848
original,RESET_RECOVERY,33,0.0000,1.363636
original,RESET_TRANSITION_GUARD,33,0.0000,1.515152
original,CONTINUOUS_SAFE,33,84.8485,0.151515
original,CONTINUOUS_CANDIDATE,33,96.9697,0.030303
alternate,RESET_SAFE,33,15.1515,1.181818
alternate,RESET_CANDIDATE,33,15.1515,1.303030
alternate,RESET_RECOVERY,33,15.1515,1.181818
alternate,RESET_TRANSITION_GUARD,33,12.1212,1.393939
alternate,CONTINUOUS_SAFE,33,72.7273,0.272727
alternate,CONTINUOUS_CANDIDATE,33,72.7273,0.272727
