fit,restart_sec,variant,scope,N,exact_rate,mae,max_abs_error,over_rate,under_rate,time_to_first_exact_sec,time_to_stable_exact_sec,stable_confirmed_at_sec,stable_samples,never_stabilized,post_stable_exact_rate,post_stable_mae,time_to_first_relapse_sec,relapse_count,longest_exact_run_samples,tail_exact_samples,first_30s_N,first_30s_mae,first_30s_exact_rate,first_60s_N,first_60s_mae,first_60s_exact_rate,first_120s_N,first_120s_mae,first_120s_exact_rate
original,0,RESET_SAFE,INCLUSIVE_STARTUP,33,0.0,2.1818181818181817,4.0,0.0,1.0,,,,3,True,,,,0,0,0,3,4.0,0.0,6,4.0,0.0,12,3.0,0.0
original,0,RESET_SAFE,AFTER_RESTART_WARMUP,32,0.0,2.125,4.0,0.0,1.0,,,,3,True,,,,0,0,0,2,4.0,0.0,5,4.0,0.0,11,2.909090909090909,0.0
original,0,RESET_CANDIDATE,INCLUSIVE_STARTUP,33,0.0,2.1818181818181817,4.0,0.0,1.0,,,,3,True,,,,0,0,0,3,4.0,0.0,6,4.0,0.0,12,3.0,0.0
original,0,RESET_CANDIDATE,AFTER_RESTART_WARMUP,32,0.0,2.125,4.0,0.0,1.0,,,,3,True,,,,0,0,0,2,4.0,0.0,5,4.0,0.0,11,2.909090909090909,0.0
original,0,RESET_RECOVERY,INCLUSIVE_STARTUP,33,0.0,2.1818181818181817,4.0,0.0,1.0,,,,3,True,,,,0,0,0,3,4.0,0.0,6,4.0,0.0,12,3.0,0.0
original,0,RESET_RECOVERY,AFTER_RESTART_WARMUP,32,0.0,2.125,4.0,0.0,1.0,,,,3,True,,,,0,0,0,2,4.0,0.0,5,4.0,0.0,11,2.909090909090909,0.0
original,0,RESET_RECOVERY_V1655,INCLUSIVE_STARTUP,33,0.0,2.696969696969697,18.0,0.0,1.0,,,,3,True,,,,0,0,0,3,9.333333333333334,0.0,6,6.833333333333333,0.0,12,4.416666666666667,0.0
original,0,RESET_RECOVERY_V1655,AFTER_RESTART_WARMUP,32,0.0,2.21875,5.0,0.0,1.0,,,,3,True,,,,0,0,0,2,5.0,0.0,5,4.6,0.0,11,3.1818181818181817,0.0
original,0,RESET_TRANSITION_GUARD,INCLUSIVE_STARTUP,33,0.0,1.9090909090909092,4.0,0.0,1.0,,,,3,True,,,,0,0,0,3,4.0,0.0,6,4.0,0.0,12,3.0,0.0
original,0,RESET_TRANSITION_GUARD,AFTER_RESTART_WARMUP,32,0.0,1.84375,4.0,0.0,1.0,,,,3,True,,,,0,0,0,2,4.0,0.0,5,4.0,0.0,11,2.909090909090909,0.0
original,0,RESET_DEV_SELECTED,INCLUSIVE_STARTUP,33,0.0,1.9090909090909092,4.0,0.0,1.0,,,,3,True,,,,0,0,0,3,4.0,0.0,6,4.0,0.0,12,3.0,0.0
original,0,RESET_DEV_SELECTED,AFTER_RESTART_WARMUP,32,0.0,1.84375,4.0,0.0,1.0,,,,3,True,,,,0,0,0,2,4.0,0.0,5,4.0,0.0,11,2.909090909090909,0.0
original,0,CONTINUOUS_SAFE,INCLUSIVE_STARTUP,33,0.0,1.5151515151515151,3.0,0.0,1.0,,,,3,True,,,,0,0,0,3,2.0,0.0,6,2.0,0.0,12,1.5,0.0
original,0,CONTINUOUS_SAFE,AFTER_RESTART_WARMUP,32,0.0,1.5,3.0,0.0,1.0,,,,3,True,,,,0,0,0,2,2.0,0.0,5,2.0,0.0,11,1.4545454545454546,0.0
original,0,CONTINUOUS_CANDIDATE,INCLUSIVE_STARTUP,33,0.0,1.5151515151515151,3.0,0.0,1.0,,,,3,True,,,,0,0,0,3,2.0,0.0,6,2.0,0.0,12,1.5,0.0
original,0,CONTINUOUS_CANDIDATE,AFTER_RESTART_WARMUP,32,0.0,1.5,3.0,0.0,1.0,,,,3,True,,,,0,0,0,2,2.0,0.0,5,2.0,0.0,11,1.4545454545454546,0.0
original,0,CONTINUOUS_DEV_SELECTED,INCLUSIVE_STARTUP,33,0.06060606060606061,1.1515151515151516,2.0,0.0,0.9393939393939394,170.0,,,3,True,,,,0,2,0,3,2.0,0.0,6,2.0,0.0,12,1.5,0.0
original,0,CONTINUOUS_DEV_SELECTED,AFTER_RESTART_WARMUP,32,0.0625,1.125,2.0,0.0,0.9375,170.0,,,3,True,,,,0,2,0,2,2.0,0.0,5,2.0,0.0,11,1.4545454545454546,0.0
original,330,RESET_SAFE,INCLUSIVE_STARTUP,33,0.0,2.0303030303030303,3.0,0.0,1.0,,,,3,True,,,,0,0,0,3,2.3333333333333335,0.0,6,2.1666666666666665,0.0,12,2.0833333333333335,0.0
original,330,RESET_SAFE,AFTER_RESTART_WARMUP,32,0.0,2.0,2.0,0.0,1.0,,,,3,True,,,,0,0,0,2,2.0,0.0,5,2.0,0.0,11,2.0,0.0
original,330,RESET_CANDIDATE,INCLUSIVE_STARTUP,33,0.0,2.0303030303030303,3.0,0.0,1.0,,,,3,True,,,,0,0,0,3,2.3333333333333335,0.0,6,2.1666666666666665,0.0,12,2.0833333333333335,0.0
original,330,RESET_CANDIDATE,AFTER_RESTART_WARMUP,32,0.0,2.0,2.0,0.0,1.0,,,,3,True,,,,0,0,0,2,2.0,0.0,5,2.0,0.0,11,2.0,0.0
original,330,RESET_RECOVERY,INCLUSIVE_STARTUP,33,0.0,2.0303030303030303,3.0,0.0,1.0,,,,3,True,,,,0,0,0,3,2.3333333333333335,0.0,6,2.1666666666666665,0.0,12,2.0833333333333335,0.0
original,330,RESET_RECOVERY,AFTER_RESTART_WARMUP,32,0.0,2.0,2.0,0.0,1.0,,,,3,True,,,,0,0,0,2,2.0,0.0,5,2.0,0.0,11,2.0,0.0
original,330,RESET_RECOVERY_V1655,INCLUSIVE_STARTUP,33,0.0,2.6363636363636362,19.0,0.0,1.0,,,,3,True,,,,0,0,0,3,9.0,0.0,6,5.5,0.0,12,3.75,0.0
original,330,RESET_RECOVERY_V1655,AFTER_RESTART_WARMUP,32,0.0,2.125,5.0,0.0,1.0,,,,3,True,,,,0,0,0,2,4.0,0.0,5,2.8,0.0,11,2.3636363636363638,0.0
original,330,RESET_TRANSITION_GUARD,INCLUSIVE_STARTUP,33,0.0,1.0909090909090908,3.0,0.0,1.0,,,,3,True,,,,0,0,0,3,2.0,0.0,6,1.5,0.0,12,1.25,0.0
original,330,RESET_TRANSITION_GUARD,AFTER_RESTART_WARMUP,32,0.0,1.03125,2.0,0.0,1.0,,,,3,True,,,,0,0,0,2,1.5,0.0,5,1.2,0.0,11,1.0909090909090908,0.0
original,330,RESET_DEV_SELECTED,INCLUSIVE_STARTUP,33,0.0,1.0909090909090908,3.0,0.0,1.0,,,,3,True,,,,0,0,0,3,2.0,0.0,6,1.5,0.0,12,1.25,0.0
original,330,RESET_DEV_SELECTED,AFTER_RESTART_WARMUP,32,0.0,1.03125,2.0,0.0,1.0,,,,3,True,,,,0,0,0,2,1.5,0.0,5,1.2,0.0,11,1.0909090909090908,0.0
original,330,CONTINUOUS_SAFE,INCLUSIVE_STARTUP,33,0.0,2.0,2.0,0.0,1.0,,,,3,True,,,,0,0,0,3,2.0,0.0,6,2.0,0.0,12,2.0,0.0
original,330,CONTINUOUS_SAFE,AFTER_RESTART_WARMUP,32,0.0,2.0,2.0,0.0,1.0,,,,3,True,,,,0,0,0,2,2.0,0.0,5,2.0,0.0,11,2.0,0.0
original,330,CONTINUOUS_CANDIDATE,INCLUSIVE_STARTUP,33,0.0,2.0,2.0,0.0,1.0,,,,3,True,,,,0,0,0,3,2.0,0.0,6,2.0,0.0,12,2.0,0.0
original,330,CONTINUOUS_CANDIDATE,AFTER_RESTART_WARMUP,32,0.0,2.0,2.0,0.0,1.0,,,,3,True,,,,0,0,0,2,2.0,0.0,5,2.0,0.0,11,2.0,0.0
original,330,CONTINUOUS_DEV_SELECTED,INCLUSIVE_STARTUP,33,0.0,1.0,1.0,0.0,1.0,,,,3,True,,,,0,0,0,3,1.0,0.0,6,1.0,0.0,12,1.0,0.0
original,330,CONTINUOUS_DEV_SELECTED,AFTER_RESTART_WARMUP,32,0.0,1.0,1.0,0.0,1.0,,,,3,True,,,,0,0,0,2,1.0,0.0,5,1.0,0.0,11,1.0,0.0
original,660,RESET_SAFE,INCLUSIVE_STARTUP,33,0.0,1.2727272727272727,3.0,0.0,1.0,,,,3,True,,,,0,0,0,3,2.0,0.0,6,2.0,0.0,12,1.5,0.0
original,660,RESET_SAFE,AFTER_RESTART_WARMUP,32,0.0,1.25,3.0,0.0,1.0,,,,3,True,,,,0,0,0,2,2.0,0.0,5,2.0,0.0,11,1.4545454545454546,0.0
original,660,RESET_CANDIDATE,INCLUSIVE_STARTUP,33,0.0,1.3333333333333333,3.0,0.0,1.0,,,,3,True,,,,0,0,0,3,2.0,0.0,6,2.0,0.0,12,1.5,0.0
original,660,RESET_CANDIDATE,AFTER_RESTART_WARMUP,32,0.0,1.3125,3.0,0.0,1.0,,,,3,True,,,,0,0,0,2,2.0,0.0,5,2.0,0.0,11,1.4545454545454546,0.0
original,660,RESET_RECOVERY,INCLUSIVE_STARTUP,33,0.0,1.2727272727272727,3.0,0.0,1.0,,,,3,True,,,,0,0,0,3,2.0,0.0,6,2.0,0.0,12,1.5,0.0
original,660,RESET_RECOVERY,AFTER_RESTART_WARMUP,32,0.0,1.25,3.0,0.0,1.0,,,,3,True,,,,0,0,0,2,2.0,0.0,5,2.0,0.0,11,1.4545454545454546,0.0
original,660,RESET_RECOVERY_V1655,INCLUSIVE_STARTUP,33,0.0,1.7878787878787878,19.0,0.0,1.0,,,,3,True,,,,0,0,0,3,7.666666666666667,0.0,6,4.833333333333333,0.0,12,2.9166666666666665,0.0
original,660,RESET_RECOVERY_V1655,AFTER_RESTART_WARMUP,32,0.0,1.25,3.0,0.0,1.0,,,,3,True,,,,0,0,0,2,2.0,0.0,5,2.0,0.0,11,1.4545454545454546,0.0
original,660,RESET_TRANSITION_GUARD,INCLUSIVE_STARTUP,33,0.2727272727272727,0.9090909090909091,2.0,0.0,0.7272727272727273,230.0,230.0,250.0,3,False,0.9,0.1,320.0,1,9,0,3,2.0,0.0,6,2.0,0.0,12,1.5,0.0
original,660,RESET_TRANSITION_GUARD,AFTER_RESTART_WARMUP,32,0.28125,0.875,2.0,0.0,0.71875,230.0,230.0,250.0,3,False,0.9,0.1,320.0,1,9,0,2,2.0,0.0,5,2.0,0.0,11,1.4545454545454546,0.0
original,660,RESET_DEV_SELECTED,INCLUSIVE_STARTUP,33,0.2727272727272727,0.9090909090909091,2.0,0.0,0.7272727272727273,230.0,230.0,250.0,3,False,0.9,0.1,320.0,1,9,0,3,2.0,0.0,6,2.0,0.0,12,1.5,0.0
original,660,RESET_DEV_SELECTED,AFTER_RESTART_WARMUP,32,0.28125,0.875,2.0,0.0,0.71875,230.0,230.0,250.0,3,False,0.9,0.1,320.0,1,9,0,2,2.0,0.0,5,2.0,0.0,11,1.4545454545454546,0.0
original,660,CONTINUOUS_SAFE,INCLUSIVE_STARTUP,33,0.6363636363636364,0.5454545454545454,2.0,0.06060606060606061,0.30303030303030304,100.0,100.0,120.0,3,False,0.9130434782608695,0.08695652173913043,300.0,1,20,1,3,2.0,0.0,6,2.0,0.0,12,1.3333333333333333,0.16666666666666666
original,660,CONTINUOUS_SAFE,AFTER_RESTART_WARMUP,32,0.65625,0.5,2.0,0.0625,0.28125,100.0,100.0,120.0,3,False,0.9130434782608695,0.08695652173913043,300.0,1,20,1,2,2.0,0.0,5,2.0,0.0,11,1.2727272727272727,0.18181818181818182
original,660,CONTINUOUS_CANDIDATE,INCLUSIVE_STARTUP,33,0.696969696969697,0.48484848484848486,2.0,0.0,0.30303030303030304,100.0,100.0,120.0,3,False,1.0,0.0,,0,23,23,3,2.0,0.0,6,2.0,0.0,12,1.3333333333333333,0.16666666666666666
original,660,CONTINUOUS_CANDIDATE,AFTER_RESTART_WARMUP,32,0.71875,0.4375,2.0,0.0,0.28125,100.0,100.0,120.0,3,False,1.0,0.0,,0,23,23,2,2.0,0.0,5,2.0,0.0,11,1.2727272727272727,0.18181818181818182
original,660,CONTINUOUS_DEV_SELECTED,INCLUSIVE_STARTUP,33,0.6060606060606061,0.3939393939393939,1.0,0.21212121212121213,0.18181818181818182,60.0,60.0,80.0,3,False,0.7407407407407407,0.25925925925925924,250.0,1,19,1,3,1.0,0.0,6,1.0,0.0,12,0.5,0.5
original,660,CONTINUOUS_DEV_SELECTED,AFTER_RESTART_WARMUP,32,0.625,0.375,1.0,0.21875,0.15625,60.0,60.0,80.0,3,False,0.7407407407407407,0.25925925925925924,250.0,1,19,1,2,1.0,0.0,5,1.0,0.0,11,0.45454545454545453,0.5454545454545454
original,900,RESET_SAFE,INCLUSIVE_STARTUP,34,0.0,1.3529411764705883,3.0,0.0,1.0,,,,3,True,,,,0,0,0,3,1.0,0.0,6,1.1666666666666667,0.0,12,1.6666666666666667,0.0
original,900,RESET_SAFE,AFTER_RESTART_WARMUP,33,0.0,1.3636363636363635,3.0,0.0,1.0,,,,3,True,,,,0,0,0,2,1.0,0.0,5,1.2,0.0,11,1.7272727272727273,0.0
original,900,RESET_CANDIDATE,INCLUSIVE_STARTUP,34,0.0,1.4705882352941178,3.0,0.0,1.0,,,,3,True,,,,0,0,0,3,1.0,0.0,6,1.1666666666666667,0.0,12,1.8333333333333333,0.0
original,900,RESET_CANDIDATE,AFTER_RESTART_WARMUP,33,0.0,1.4848484848484849,3.0,0.0,1.0,,,,3,True,,,,0,0,0,2,1.0,0.0,5,1.2,0.0,11,1.9090909090909092,0.0
original,900,RESET_RECOVERY,INCLUSIVE_STARTUP,34,0.0,1.3529411764705883,3.0,0.0,1.0,,,,3,True,,,,0,0,0,3,1.0,0.0,6,1.1666666666666667,0.0,12,1.6666666666666667,0.0
original,900,RESET_RECOVERY,AFTER_RESTART_WARMUP,33,0.0,1.3636363636363635,3.0,0.0,1.0,,,,3,True,,,,0,0,0,2,1.0,0.0,5,1.2,0.0,11,1.7272727272727273,0.0
original,900,RESET_RECOVERY_V1655,INCLUSIVE_STARTUP,34,0.0,2.088235294117647,18.0,0.0,1.0,,,,3,True,,,,0,0,0,3,8.0,0.0,6,5.166666666666667,0.0,12,3.75,0.0
original,900,RESET_RECOVERY_V1655,AFTER_RESTART_WARMUP,33,0.0,1.606060606060606,3.0,0.0,1.0,,,,3,True,,,,0,0,0,2,3.0,0.0,5,2.6,0.0,11,2.4545454545454546,0.0
original,900,RESET_TRANSITION_GUARD,INCLUSIVE_STARTUP,34,0.0,1.5,3.0,0.0,1.0,,,,3,True,,,,0,0,0,3,1.0,0.0,6,1.0,0.0,12,1.3333333333333333,0.0
original,900,RESET_TRANSITION_GUARD,AFTER_RESTART_WARMUP,33,0.0,1.5151515151515151,3.0,0.0,1.0,,,,3,True,,,,0,0,0,2,1.0,0.0,5,1.0,0.0,11,1.3636363636363635,0.0
original,900,RESET_DEV_SELECTED,INCLUSIVE_STARTUP,34,0.0,1.5,3.0,0.0,1.0,,,,3,True,,,,0,0,0,3,1.0,0.0,6,1.0,0.0,12,1.3333333333333333,0.0
original,900,RESET_DEV_SELECTED,AFTER_RESTART_WARMUP,33,0.0,1.5151515151515151,3.0,0.0,1.0,,,,3,True,,,,0,0,0,2,1.0,0.0,5,1.0,0.0,11,1.3636363636363635,0.0
original,900,CONTINUOUS_SAFE,INCLUSIVE_STARTUP,34,0.8529411764705882,0.14705882352941177,1.0,0.14705882352941177,0.0,0.0,0.0,20.0,3,False,0.8529411764705882,0.14705882352941177,60.0,2,19,19,3,0.0,1.0,6,0.0,1.0,12,0.16666666666666666,0.8333333333333334
original,900,CONTINUOUS_SAFE,AFTER_RESTART_WARMUP,33,0.8484848484848485,0.15151515151515152,1.0,0.15151515151515152,0.0,10.0,10.0,30.0,3,False,0.8484848484848485,0.15151515151515152,60.0,2,19,19,2,0.0,1.0,5,0.0,1.0,11,0.18181818181818182,0.8181818181818182
original,900,CONTINUOUS_CANDIDATE,INCLUSIVE_STARTUP,34,0.9705882352941176,0.029411764705882353,1.0,0.029411764705882353,0.0,0.0,0.0,20.0,3,False,0.9705882352941176,0.029411764705882353,120.0,1,21,21,3,0.0,1.0,6,0.0,1.0,12,0.0,1.0
original,900,CONTINUOUS_CANDIDATE,AFTER_RESTART_WARMUP,33,0.9696969696969697,0.030303030303030304,1.0,0.030303030303030304,0.0,10.0,10.0,30.0,3,False,0.9696969696969697,0.030303030303030304,120.0,1,21,21,2,0.0,1.0,5,0.0,1.0,11,0.0,1.0
original,900,CONTINUOUS_DEV_SELECTED,INCLUSIVE_STARTUP,34,0.7058823529411765,0.29411764705882354,1.0,0.29411764705882354,0.0,0.0,80.0,100.0,3,False,0.8846153846153846,0.11538461538461539,120.0,1,19,19,3,0.6666666666666666,0.3333333333333333,6,0.8333333333333334,0.16666666666666666,12,0.5833333333333334,0.4166666666666667
original,900,CONTINUOUS_DEV_SELECTED,AFTER_RESTART_WARMUP,33,0.696969696969697,0.30303030303030304,1.0,0.30303030303030304,0.0,80.0,80.0,100.0,3,False,0.8846153846153846,0.11538461538461539,120.0,1,19,19,2,1.0,0.0,5,1.0,0.0,11,0.6363636363636364,0.36363636363636365
alternate,0,RESET_SAFE,INCLUSIVE_STARTUP,33,0.0,2.1818181818181817,5.0,0.0,1.0,,,,3,True,,,,0,0,0,3,4.333333333333333,0.0,6,4.0,0.0,12,3.0,0.0
alternate,0,RESET_SAFE,AFTER_RESTART_WARMUP,32,0.0,2.09375,4.0,0.0,1.0,,,,3,True,,,,0,0,0,2,4.0,0.0,5,3.8,0.0,11,2.8181818181818183,0.0
alternate,0,RESET_CANDIDATE,INCLUSIVE_STARTUP,33,0.0,2.1818181818181817,5.0,0.0,1.0,,,,3,True,,,,0,0,0,3,4.333333333333333,0.0,6,4.0,0.0,12,3.0,0.0
alternate,0,RESET_CANDIDATE,AFTER_RESTART_WARMUP,32,0.0,2.09375,4.0,0.0,1.0,,,,3,True,,,,0,0,0,2,4.0,0.0,5,3.8,0.0,11,2.8181818181818183,0.0
alternate,0,RESET_RECOVERY,INCLUSIVE_STARTUP,33,0.0,2.1818181818181817,5.0,0.0,1.0,,,,3,True,,,,0,0,0,3,4.333333333333333,0.0,6,4.0,0.0,12,3.0,0.0
alternate,0,RESET_RECOVERY,AFTER_RESTART_WARMUP,32,0.0,2.09375,4.0,0.0,1.0,,,,3,True,,,,0,0,0,2,4.0,0.0,5,3.8,0.0,11,2.8181818181818183,0.0
alternate,0,RESET_RECOVERY_V1655,INCLUSIVE_STARTUP,33,0.0,2.606060606060606,18.0,0.0,1.0,,,,3,True,,,,0,0,0,3,9.0,0.0,6,6.333333333333333,0.0,12,4.166666666666667,0.0
alternate,0,RESET_RECOVERY_V1655,AFTER_RESTART_WARMUP,32,0.0,2.125,5.0,0.0,1.0,,,,3,True,,,,0,0,0,2,4.5,0.0,5,4.0,0.0,11,2.909090909090909,0.0
alternate,0,RESET_TRANSITION_GUARD,INCLUSIVE_STARTUP,33,0.0,2.242424242424242,5.0,0.0,1.0,,,,3,True,,,,0,0,0,3,4.333333333333333,0.0,6,4.166666666666667,0.0,12,3.0833333333333335,0.0
alternate,0,RESET_TRANSITION_GUARD,AFTER_RESTART_WARMUP,32,0.0,2.15625,4.0,0.0,1.0,,,,3,True,,,,0,0,0,2,4.0,0.0,5,4.0,0.0,11,2.909090909090909,0.0
alternate,0,RESET_DEV_SELECTED,INCLUSIVE_STARTUP,33,0.0,2.242424242424242,5.0,0.0,1.0,,,,3,True,,,,0,0,0,3,4.333333333333333,0.0,6,4.166666666666667,0.0,12,3.0833333333333335,0.0
alternate,0,RESET_DEV_SELECTED,AFTER_RESTART_WARMUP,32,0.0,2.15625,4.0,0.0,1.0,,,,3,True,,,,0,0,0,2,4.0,0.0,5,4.0,0.0,11,2.909090909090909,0.0
alternate,0,CONTINUOUS_SAFE,INCLUSIVE_STARTUP,33,0.09090909090909091,1.2424242424242424,3.0,0.0,0.9090909090909091,170.0,170.0,190.0,3,False,0.1875,0.875,200.0,1,3,0,3,3.0,0.0,6,2.6666666666666665,0.0,12,1.8333333333333333,0.0
alternate,0,CONTINUOUS_SAFE,AFTER_RESTART_WARMUP,32,0.09375,1.1875,3.0,0.0,0.90625,170.0,170.0,190.0,3,False,0.1875,0.875,200.0,1,3,0,2,3.0,0.0,5,2.6,0.0,11,1.7272727272727273,0.0
alternate,0,CONTINUOUS_CANDIDATE,INCLUSIVE_STARTUP,33,0.09090909090909091,1.2727272727272727,3.0,0.0,0.9090909090909091,170.0,170.0,190.0,3,False,0.1875,0.9375,200.0,1,3,0,3,3.0,0.0,6,2.6666666666666665,0.0,12,1.8333333333333333,0.0
alternate,0,CONTINUOUS_CANDIDATE,AFTER_RESTART_WARMUP,32,0.09375,1.21875,3.0,0.0,0.90625,170.0,170.0,190.0,3,False,0.1875,0.9375,200.0,1,3,0,2,3.0,0.0,5,2.6,0.0,11,1.7272727272727273,0.0
alternate,0,CONTINUOUS_DEV_SELECTED,INCLUSIVE_STARTUP,33,0.45454545454545453,0.7272727272727273,2.0,0.0,0.5454545454545454,170.0,170.0,190.0,3,False,0.9375,0.0625,260.0,1,9,6,3,2.0,0.0,6,2.0,0.0,12,1.5,0.0
alternate,0,CONTINUOUS_DEV_SELECTED,AFTER_RESTART_WARMUP,32,0.46875,0.6875,2.0,0.0,0.53125,170.0,170.0,190.0,3,False,0.9375,0.0625,260.0,1,9,6,2,2.0,0.0,5,2.0,0.0,11,1.4545454545454546,0.0
alternate,330,RESET_SAFE,INCLUSIVE_STARTUP,33,0.0,1.121212121212121,4.0,0.0,1.0,,,,3,True,,,,0,0,0,3,2.3333333333333335,0.0,6,1.6666666666666667,0.0,12,1.3333333333333333,0.0
alternate,330,RESET_SAFE,AFTER_RESTART_WARMUP,32,0.0,1.03125,2.0,0.0,1.0,,,,3,True,,,,0,0,0,2,1.5,0.0,5,1.2,0.0,11,1.0909090909090908,0.0
alternate,330,RESET_CANDIDATE,INCLUSIVE_STARTUP,33,0.0,1.121212121212121,4.0,0.0,1.0,,,,3,True,,,,0,0,0,3,2.3333333333333335,0.0,6,1.6666666666666667,0.0,12,1.3333333333333333,0.0
alternate,330,RESET_CANDIDATE,AFTER_RESTART_WARMUP,32,0.0,1.03125,2.0,0.0,1.0,,,,3,True,,,,0,0,0,2,1.5,0.0,5,1.2,0.0,11,1.0909090909090908,0.0
alternate,330,RESET_RECOVERY,INCLUSIVE_STARTUP,33,0.0,1.121212121212121,4.0,0.0,1.0,,,,3,True,,,,0,0,0,3,2.3333333333333335,0.0,6,1.6666666666666667,0.0,12,1.3333333333333333,0.0
alternate,330,RESET_RECOVERY,AFTER_RESTART_WARMUP,32,0.0,1.03125,2.0,0.0,1.0,,,,3,True,,,,0,0,0,2,1.5,0.0,5,1.2,0.0,11,1.0909090909090908,0.0
alternate,330,RESET_RECOVERY_V1655,INCLUSIVE_STARTUP,33,0.0,1.7272727272727273,19.0,0.0,1.0,,,,3,True,,,,0,0,0,3,9.0,0.0,6,5.0,0.0,12,3.0,0.0
alternate,330,RESET_RECOVERY_V1655,AFTER_RESTART_WARMUP,32,0.0,1.1875,5.0,0.0,1.0,,,,3,True,,,,0,0,0,2,4.0,0.0,5,2.2,0.0,11,1.5454545454545454,0.0
alternate,330,RESET_TRANSITION_GUARD,INCLUSIVE_STARTUP,33,0.0,1.121212121212121,4.0,0.0,1.0,,,,3,True,,,,0,0,0,3,2.3333333333333335,0.0,6,1.6666666666666667,0.0,12,1.3333333333333333,0.0
alternate,330,RESET_TRANSITION_GUARD,AFTER_RESTART_WARMUP,32,0.0,1.03125,2.0,0.0,1.0,,,,3,True,,,,0,0,0,2,1.5,0.0,5,1.2,0.0,11,1.0909090909090908,0.0
alternate,330,RESET_DEV_SELECTED,INCLUSIVE_STARTUP,33,0.0,1.121212121212121,4.0,0.0,1.0,,,,3,True,,,,0,0,0,3,2.3333333333333335,0.0,6,1.6666666666666667,0.0,12,1.3333333333333333,0.0
alternate,330,RESET_DEV_SELECTED,AFTER_RESTART_WARMUP,32,0.0,1.03125,2.0,0.0,1.0,,,,3,True,,,,0,0,0,2,1.5,0.0,5,1.2,0.0,11,1.0909090909090908,0.0
alternate,330,CONTINUOUS_SAFE,INCLUSIVE_STARTUP,33,0.0,1.0,1.0,0.0,1.0,,,,3,True,,,,0,0,0,3,1.0,0.0,6,1.0,0.0,12,1.0,0.0
alternate,330,CONTINUOUS_SAFE,AFTER_RESTART_WARMUP,32,0.0,1.0,1.0,0.0,1.0,,,,3,True,,,,0,0,0,2,1.0,0.0,5,1.0,0.0,11,1.0,0.0
alternate,330,CONTINUOUS_CANDIDATE,INCLUSIVE_STARTUP,33,0.0,1.0,1.0,0.0,1.0,,,,3,True,,,,0,0,0,3,1.0,0.0,6,1.0,0.0,12,1.0,0.0
alternate,330,CONTINUOUS_CANDIDATE,AFTER_RESTART_WARMUP,32,0.0,1.0,1.0,0.0,1.0,,,,3,True,,,,0,0,0,2,1.0,0.0,5,1.0,0.0,11,1.0,0.0
alternate,330,CONTINUOUS_DEV_SELECTED,INCLUSIVE_STARTUP,33,1.0,0.0,0.0,0.0,0.0,0.0,0.0,20.0,3,False,1.0,0.0,,0,33,33,3,0.0,1.0,6,0.0,1.0,12,0.0,1.0
alternate,330,CONTINUOUS_DEV_SELECTED,AFTER_RESTART_WARMUP,32,1.0,0.0,0.0,0.0,0.0,10.0,10.0,30.0,3,False,1.0,0.0,,0,32,32,2,0.0,1.0,5,0.0,1.0,11,0.0,1.0
alternate,660,RESET_SAFE,INCLUSIVE_STARTUP,33,0.696969696969697,0.3333333333333333,2.0,0.0,0.30303030303030304,70.0,70.0,90.0,3,False,0.8846153846153846,0.15384615384615385,300.0,1,23,0,3,1.0,0.0,6,1.0,0.0,12,0.5833333333333334,0.4166666666666667
alternate,660,RESET_SAFE,AFTER_RESTART_WARMUP,32,0.71875,0.3125,2.0,0.0,0.28125,70.0,70.0,90.0,3,False,0.8846153846153846,0.15384615384615385,300.0,1,23,0,2,1.0,0.0,5,1.0,0.0,11,0.5454545454545454,0.45454545454545453
alternate,660,RESET_CANDIDATE,INCLUSIVE_STARTUP,33,0.696969696969697,0.3333333333333333,2.0,0.0,0.30303030303030304,70.0,70.0,90.0,3,False,0.8846153846153846,0.15384615384615385,300.0,1,23,0,3,1.0,0.0,6,1.0,0.0,12,0.5833333333333334,0.4166666666666667
alternate,660,RESET_CANDIDATE,AFTER_RESTART_WARMUP,32,0.71875,0.3125,2.0,0.0,0.28125,70.0,70.0,90.0,3,False,0.8846153846153846,0.15384615384615385,300.0,1,23,0,2,1.0,0.0,5,1.0,0.0,11,0.5454545454545454,0.45454545454545453
alternate,660,RESET_RECOVERY,INCLUSIVE_STARTUP,33,0.696969696969697,0.3333333333333333,2.0,0.0,0.30303030303030304,70.0,70.0,90.0,3,False,0.8846153846153846,0.15384615384615385,300.0,1,23,0,3,1.0,0.0,6,1.0,0.0,12,0.5833333333333334,0.4166666666666667
alternate,660,RESET_RECOVERY,AFTER_RESTART_WARMUP,32,0.71875,0.3125,2.0,0.0,0.28125,70.0,70.0,90.0,3,False,0.8846153846153846,0.15384615384615385,300.0,1,23,0,2,1.0,0.0,5,1.0,0.0,11,0.5454545454545454,0.45454545454545453
alternate,660,RESET_RECOVERY_V1655,INCLUSIVE_STARTUP,33,0.696969696969697,0.8787878787878788,19.0,0.0,0.30303030303030304,70.0,70.0,90.0,3,False,0.8846153846153846,0.15384615384615385,300.0,1,23,0,3,7.0,0.0,6,4.0,0.0,12,2.0833333333333335,0.4166666666666667
alternate,660,RESET_RECOVERY_V1655,AFTER_RESTART_WARMUP,32,0.71875,0.3125,2.0,0.0,0.28125,70.0,70.0,90.0,3,False,0.8846153846153846,0.15384615384615385,300.0,1,23,0,2,1.0,0.0,5,1.0,0.0,11,0.5454545454545454,0.45454545454545453
alternate,660,RESET_TRANSITION_GUARD,INCLUSIVE_STARTUP,33,0.5454545454545454,0.48484848484848486,2.0,0.21212121212121213,0.24242424242424243,70.0,70.0,90.0,3,False,0.6923076923076923,0.34615384615384615,230.0,2,16,0,3,1.0,0.0,6,1.0,0.0,12,0.5833333333333334,0.4166666666666667
alternate,660,RESET_TRANSITION_GUARD,AFTER_RESTART_WARMUP,32,0.5625,0.46875,2.0,0.21875,0.21875,70.0,70.0,90.0,3,False,0.6923076923076923,0.34615384615384615,230.0,2,16,0,2,1.0,0.0,5,1.0,0.0,11,0.5454545454545454,0.45454545454545453
alternate,660,RESET_DEV_SELECTED,INCLUSIVE_STARTUP,33,0.5454545454545454,0.48484848484848486,2.0,0.21212121212121213,0.24242424242424243,70.0,70.0,90.0,3,False,0.6923076923076923,0.34615384615384615,230.0,2,16,0,3,1.0,0.0,6,1.0,0.0,12,0.5833333333333334,0.4166666666666667
alternate,660,RESET_DEV_SELECTED,AFTER_RESTART_WARMUP,32,0.5625,0.46875,2.0,0.21875,0.21875,70.0,70.0,90.0,3,False,0.6923076923076923,0.34615384615384615,230.0,2,16,0,2,1.0,0.0,5,1.0,0.0,11,0.5454545454545454,0.45454545454545453
alternate,660,CONTINUOUS_SAFE,INCLUSIVE_STARTUP,33,0.3333333333333333,0.6666666666666666,1.0,0.45454545454545453,0.21212121212121213,70.0,70.0,90.0,3,False,0.4230769230769231,0.5769230769230769,100.0,3,6,1,3,1.0,0.0,6,1.0,0.0,12,0.75,0.25
alternate,660,CONTINUOUS_SAFE,AFTER_RESTART_WARMUP,32,0.34375,0.65625,1.0,0.46875,0.1875,70.0,70.0,90.0,3,False,0.4230769230769231,0.5769230769230769,100.0,3,6,1,2,1.0,0.0,5,1.0,0.0,11,0.7272727272727273,0.2727272727272727
alternate,660,CONTINUOUS_CANDIDATE,INCLUSIVE_STARTUP,33,0.3333333333333333,0.6666666666666666,1.0,0.45454545454545453,0.21212121212121213,70.0,70.0,90.0,3,False,0.4230769230769231,0.5769230769230769,100.0,3,6,1,3,1.0,0.0,6,1.0,0.0,12,0.75,0.25
alternate,660,CONTINUOUS_CANDIDATE,AFTER_RESTART_WARMUP,32,0.34375,0.65625,1.0,0.46875,0.1875,70.0,70.0,90.0,3,False,0.4230769230769231,0.5769230769230769,100.0,3,6,1,2,1.0,0.0,5,1.0,0.0,11,0.7272727272727273,0.2727272727272727
alternate,660,CONTINUOUS_DEV_SELECTED,INCLUSIVE_STARTUP,33,0.9393939393939394,0.06060606060606061,1.0,0.030303030303030304,0.030303030303030304,0.0,0.0,20.0,3,False,0.9393939393939394,0.06060606060606061,290.0,2,29,0,3,0.0,1.0,6,0.0,1.0,12,0.0,1.0
alternate,660,CONTINUOUS_DEV_SELECTED,AFTER_RESTART_WARMUP,32,0.9375,0.0625,1.0,0.03125,0.03125,10.0,10.0,30.0,3,False,0.9375,0.0625,290.0,2,28,0,2,0.0,1.0,5,0.0,1.0,11,0.0,1.0
alternate,900,RESET_SAFE,INCLUSIVE_STARTUP,34,0.14705882352941177,1.1764705882352942,3.0,0.0,0.8529411764705882,10.0,10.0,30.0,3,False,0.15151515151515152,1.1818181818181819,60.0,1,5,0,3,0.3333333333333333,0.6666666666666666,6,0.16666666666666666,0.8333333333333334,12,1.1666666666666667,0.4166666666666667
alternate,900,RESET_SAFE,AFTER_RESTART_WARMUP,33,0.15151515151515152,1.1818181818181819,3.0,0.0,0.8484848484848485,10.0,10.0,30.0,3,False,0.15151515151515152,1.1818181818181819,60.0,1,5,0,2,0.0,1.0,5,0.0,1.0,11,1.1818181818181819,0.45454545454545453
alternate,900,RESET_CANDIDATE,INCLUSIVE_STARTUP,34,0.14705882352941177,1.2941176470588236,3.0,0.0,0.8529411764705882,10.0,10.0,30.0,3,False,0.15151515151515152,1.303030303030303,60.0,1,5,0,3,0.3333333333333333,0.6666666666666666,6,0.16666666666666666,0.8333333333333334,12,1.1666666666666667,0.4166666666666667
alternate,900,RESET_CANDIDATE,AFTER_RESTART_WARMUP,33,0.15151515151515152,1.303030303030303,3.0,0.0,0.8484848484848485,10.0,10.0,30.0,3,False,0.15151515151515152,1.303030303030303,60.0,1,5,0,2,0.0,1.0,5,0.0,1.0,11,1.1818181818181819,0.45454545454545453
alternate,900,RESET_RECOVERY,INCLUSIVE_STARTUP,34,0.14705882352941177,1.1764705882352942,3.0,0.0,0.8529411764705882,10.0,10.0,30.0,3,False,0.15151515151515152,1.1818181818181819,60.0,1,5,0,3,0.3333333333333333,0.6666666666666666,6,0.16666666666666666,0.8333333333333334,12,1.1666666666666667,0.4166666666666667
alternate,900,RESET_RECOVERY,AFTER_RESTART_WARMUP,33,0.15151515151515152,1.1818181818181819,3.0,0.0,0.8484848484848485,10.0,10.0,30.0,3,False,0.15151515151515152,1.1818181818181819,60.0,1,5,0,2,0.0,1.0,5,0.0,1.0,11,1.1818181818181819,0.45454545454545453
alternate,900,RESET_RECOVERY_V1655,INCLUSIVE_STARTUP,34,0.0,1.8823529411764706,18.0,0.0,1.0,,,,3,True,,,,0,0,0,3,7.0,0.0,6,4.0,0.0,12,3.1666666666666665,0.0
alternate,900,RESET_RECOVERY_V1655,AFTER_RESTART_WARMUP,33,0.0,1.393939393939394,3.0,0.0,1.0,,,,3,True,,,,0,0,0,2,1.5,0.0,5,1.2,0.0,11,1.8181818181818181,0.0
alternate,900,RESET_TRANSITION_GUARD,INCLUSIVE_STARTUP,34,0.11764705882352941,1.3823529411764706,3.0,0.029411764705882353,0.8529411764705882,10.0,10.0,30.0,3,False,0.12121212121212122,1.393939393939394,50.0,1,4,0,3,0.3333333333333333,0.6666666666666666,6,0.3333333333333333,0.6666666666666666,12,1.0,0.3333333333333333
alternate,900,RESET_TRANSITION_GUARD,AFTER_RESTART_WARMUP,33,0.12121212121212122,1.393939393939394,3.0,0.030303030303030304,0.8484848484848485,10.0,10.0,30.0,3,False,0.12121212121212122,1.393939393939394,50.0,1,4,0,2,0.0,1.0,5,0.2,0.8,11,1.0,0.36363636363636365
alternate,900,RESET_DEV_SELECTED,INCLUSIVE_STARTUP,34,0.11764705882352941,1.3823529411764706,3.0,0.029411764705882353,0.8529411764705882,10.0,10.0,30.0,3,False,0.12121212121212122,1.393939393939394,50.0,1,4,0,3,0.3333333333333333,0.6666666666666666,6,0.3333333333333333,0.6666666666666666,12,1.0,0.3333333333333333
alternate,900,RESET_DEV_SELECTED,AFTER_RESTART_WARMUP,33,0.12121212121212122,1.393939393939394,3.0,0.030303030303030304,0.8484848484848485,10.0,10.0,30.0,3,False,0.12121212121212122,1.393939393939394,50.0,1,4,0,2,0.0,1.0,5,0.2,0.8,11,1.0,0.36363636363636365
alternate,900,CONTINUOUS_SAFE,INCLUSIVE_STARTUP,34,0.7352941176470589,0.2647058823529412,1.0,0.14705882352941177,0.11764705882352941,0.0,0.0,20.0,3,False,0.7352941176470589,0.2647058823529412,50.0,4,15,0,3,0.0,1.0,6,0.16666666666666666,0.8333333333333334,12,0.16666666666666666,0.8333333333333334
alternate,900,CONTINUOUS_SAFE,AFTER_RESTART_WARMUP,33,0.7272727272727273,0.2727272727272727,1.0,0.15151515151515152,0.12121212121212122,10.0,10.0,30.0,3,False,0.7272727272727273,0.2727272727272727,50.0,4,15,0,2,0.0,1.0,5,0.2,0.8,11,0.18181818181818182,0.8181818181818182
alternate,900,CONTINUOUS_CANDIDATE,INCLUSIVE_STARTUP,34,0.7352941176470589,0.2647058823529412,1.0,0.14705882352941177,0.11764705882352941,0.0,0.0,20.0,3,False,0.7352941176470589,0.2647058823529412,50.0,4,15,0,3,0.0,1.0,6,0.16666666666666666,0.8333333333333334,12,0.16666666666666666,0.8333333333333334
alternate,900,CONTINUOUS_CANDIDATE,AFTER_RESTART_WARMUP,33,0.7272727272727273,0.2727272727272727,1.0,0.15151515151515152,0.12121212121212122,10.0,10.0,30.0,3,False,0.7272727272727273,0.2727272727272727,50.0,4,15,0,2,0.0,1.0,5,0.2,0.8,11,0.18181818181818182,0.8181818181818182
alternate,900,CONTINUOUS_DEV_SELECTED,INCLUSIVE_STARTUP,34,0.29411764705882354,0.7058823529411765,1.0,0.029411764705882353,0.6764705882352942,0.0,0.0,20.0,3,False,0.29411764705882354,0.7058823529411765,50.0,3,5,0,3,0.0,1.0,6,0.16666666666666666,0.8333333333333334,12,0.4166666666666667,0.5833333333333334
alternate,900,CONTINUOUS_DEV_SELECTED,AFTER_RESTART_WARMUP,33,0.2727272727272727,0.7272727272727273,1.0,0.030303030303030304,0.696969696969697,10.0,10.0,30.0,3,False,0.2727272727272727,0.7272727272727273,50.0,3,4,0,2,0.0,1.0,5,0.2,0.8,11,0.45454545454545453,0.5454545454545454
