time_sec,timestamp,ground_truth_occupied_space_count,occupied_pred,error,abs_error,split
10.0,0:10,18,15,-3,3,TEST
20.0,0:20,18,15,-3,3,TEST
30.0,0:30,18,15,-3,3,TEST
40.0,0:40,18,16,-2,2,TEST
50.0,0:50,18,16,-2,2,TEST
60.0,1:00,18,17,-1,1,TEST
70.0,1:10,18,17,-1,1,TEST
80.0,1:20,18,17,-1,1,TEST
90.0,1:30,18,17,-1,1,TEST
100.0,1:40,18,17,-1,1,TEST
110.0,1:50,18,17,-1,1,TEST
120.0,2:00,18,17,-1,1,TEST
130.0,2:10,18,17,-1,1,TEST
140.0,2:20,18,17,-1,1,TEST
150.0,2:30,18,17,-1,1,TEST
160.0,2:40,18,17,-1,1,TEST
170.0,2:50,18,18,0,0,TEST
180.0,3:00,18,18,0,0,TEST
190.0,3:10,18,18,0,0,TEST
200.0,3:20,18,17,-1,1,TEST
210.0,3:30,18,17,-1,1,TEST
220.0,3:40,18,17,-1,1,TEST
230.0,3:50,18,17,-1,1,TEST
240.0,4:00,18,17,-1,1,TEST
250.0,4:10,18,17,-1,1,TEST
260.0,4:20,19,17,-2,2,TEST
270.0,4:30,19,18,-1,1,TEST
280.0,4:40,19,18,-1,1,TEST
290.0,4:50,19,18,-1,1,TEST
300.0,5:00,19,18,-1,1,TEST
310.0,5:10,19,18,-1,1,TEST
320.0,5:20,19,18,-1,1,TEST
330.0,5:30,19,18,-1,1,DEV
340.0,5:40,19,18,-1,1,DEV
350.0,5:50,19,18,-1,1,DEV
360.0,6:00,19,18,-1,1,DEV
370.0,6:10,19,18,-1,1,DEV
380.0,6:20,19,18,-1,1,DEV
390.0,6:30,19,18,-1,1,DEV
400.0,6:40,19,18,-1,1,DEV
410.0,6:50,19,18,-1,1,DEV
420.0,7:00,19,18,-1,1,DEV
430.0,7:10,19,18,-1,1,DEV
440.0,7:20,19,18,-1,1,DEV
450.0,7:30,19,18,-1,1,DEV
460.0,7:40,19,18,-1,1,DEV
470.0,7:50,19,18,-1,1,DEV
480.0,8:00,19,18,-1,1,DEV
490.0,8:10,19,18,-1,1,DEV
500.0,8:20,19,18,-1,1,DEV
510.0,8:30,19,18,-1,1,DEV
520.0,8:40,19,18,-1,1,DEV
530.0,8:50,19,18,-1,1,DEV
540.0,9:00,19,18,-1,1,DEV
550.0,9:10,19,18,-1,1,DEV
560.0,9:20,19,18,-1,1,DEV
570.0,9:30,19,18,-1,1,DEV
580.0,9:40,19,18,-1,1,DEV
590.0,9:50,19,18,-1,1,DEV
600.0,10:00,19,18,-1,1,DEV
610.0,10:10,19,18,-1,1,DEV
620.0,10:20,19,18,-1,1,DEV
630.0,10:30,19,18,-1,1,DEV
640.0,10:40,19,18,-1,1,DEV
650.0,10:50,19,18,-1,1,DEV
660.0,11:00,19,18,-1,1,DEV
670.0,11:10,19,18,-1,1,DEV
680.0,11:20,19,18,-1,1,DEV
690.0,11:30,19,18,-1,1,DEV
700.0,11:40,19,18,-1,1,DEV
710.0,11:50,19,18,-1,1,DEV
720.0,12:00,19,18,-1,1,DEV
730.0,12:10,19,19,0,0,DEV
740.0,12:20,19,19,0,0,DEV
750.0,12:30,19,19,0,0,DEV
760.0,12:40,19,20,1,1,DEV
770.0,12:50,19,20,1,1,DEV
780.0,13:00,19,20,1,1,DEV
790.0,13:10,19,20,1,1,DEV
800.0,13:20,19,20,1,1,DEV
810.0,13:30,19,20,1,1,DEV
820.0,13:40,19,20,1,1,DEV
830.0,13:50,19,20,1,1,DEV
840.0,14:00,19,20,1,1,DEV
850.0,14:10,19,20,1,1,DEV
860.0,14:20,19,20,1,1,DEV
870.0,14:30,19,20,1,1,DEV
880.0,14:40,19,20,1,1,DEV
890.0,14:50,18,18,0,0,DEV
900.0,15:00,18,18,0,0,DEV
910.0,15:10,18,18,0,0,DEV
920.0,15:20,18,18,0,0,DEV
930.0,15:30,18,18,0,0,DEV
940.0,15:40,18,18,0,0,DEV
950.0,15:50,17,18,1,1,DEV
960.0,16:00,17,17,0,0,DEV
970.0,16:10,17,18,1,1,DEV
980.0,16:20,18,18,0,0,DEV
990.0,16:30,18,18,0,0,DEV
1000.0,16:40,18,18,0,0,DEV
1010.0,16:50,18,18,0,0,DEV
1020.0,17:00,17,18,1,1,DEV
1030.0,17:10,17,18,1,1,DEV
1040.0,17:20,17,18,1,1,DEV
1050.0,17:30,18,18,0,0,DEV
1060.0,17:40,18,18,0,0,DEV
1070.0,17:50,18,18,0,0,DEV
1080.0,18:00,18,18,0,0,DEV
1090.0,18:10,18,18,0,0,DEV
1100.0,18:20,18,18,0,0,DEV
1110.0,18:30,18,18,0,0,DEV
1120.0,18:40,18,18,0,0,DEV
1130.0,18:50,18,18,0,0,DEV
1140.0,19:00,18,18,0,0,DEV
1150.0,19:10,18,18,0,0,DEV
1160.0,19:20,18,18,0,0,DEV
1170.0,19:30,18,18,0,0,DEV
1180.0,19:40,18,18,0,0,DEV
1190.0,19:50,18,18,0,0,DEV
1200.0,20:00,18,17,-1,1,DEV
1210.0,20:10,18,17,-1,1,DEV
1220.0,20:20,18,17,-1,1,DEV
1230.0,20:30,18,17,-1,1,DEV
