scope,name,images,count_exact,count_mae,count_median_abs_error,count_p90_error,count_p95_error,count_max_error,over_count_rate,under_count_rate,count_bias
CAMERA,camera1,452,4.65,3.6239,3.0,7.0,9.0,14,0.915929203539823,0.0376106194690265,3.4779
CAMERA,camera2,457,79.65,0.2298,0.0,1.0,1.0,2,0.1553610503282275,0.0481400437636761,0.1247
CAMERA,camera3,452,48.67,0.7367,1.0,2.0,2.0,5,0.1238938053097345,0.3893805309734513,-0.4624
CAMERA,camera4,449,40.31,0.9933,1.0,3.0,3.0,6,0.5100222717149221,0.086859688195991,0.6726
CAMERA,camera5,454,36.56,1.2004,1.0,3.0,3.349999999999966,8,0.4845814977973568,0.1497797356828193,0.5749
CAMERA,camera6,455,33.63,1.1495,1.0,3.0,3.2999999999999545,6,0.3472527472527472,0.3164835164835164,-0.0725
CAMERA,camera7,455,28.35,1.6418,1.0,4.0,4.0,6,0.6,0.1164835164835164,1.1363
CAMERA,camera8,448,27.90,1.3214,1.0,3.0,4.0,7,0.5424107142857143,0.1785714285714285,0.7991
CAMERA,camera9,451,5.32,2.0843,2.0,4.0,4.0,7,0.9201773835920176,0.0266075388026607,2.0089
