scope,name,N,accuracy,precision,occupied_recall,empty_specificity,f1,balanced_accuracy,TP,TN,FP,FN
CAMERA,camera1,15820,0.8771175726927939,0.8363280886323433,0.9797142545533865,0.7356788452864231,0.9023606228026118,0.8576965499199047,8983,4893,1758,186
CAMERA,camera2,4570,0.975711159737418,0.9717266913497139,0.9907343857240906,0.9492753623188406,0.9811384876805438,0.9700048740214655,2887,1572,84,27
CAMERA,camera3,10396,0.9606579453636014,0.9823508648076245,0.947404255319149,0.97788099977881,0.9645611298847587,0.9626426275489794,5566,4421,100,309
CAMERA,camera4,19307,0.962189879318382,0.9514855208725085,0.9792916586026708,0.9424941491140086,0.9651883643299952,0.9608929038583397,10120,8457,516,214
CAMERA,camera5,24970,0.965278334000801,0.9573663920175373,0.9766347933374461,0.9530078320279953,0.9669046073977936,0.9648213126827208,12665,11438,564,303
CAMERA,camera6,25025,0.9592807192807192,0.9604936292972194,0.957960358056266,0.9606009749860146,0.9592253211156017,0.9592806665211403,11986,12020,493,526
CAMERA,camera7,24115,0.9545925772340866,0.9354580397181294,0.9758583242836856,0.9336297760210803,0.9552312032380719,0.954744050152383,11682,11338,806,289
CAMERA,camera8,24640,0.9686688311688312,0.9578986587183308,0.984152503445108,0.9512005527724996,0.9708481232535306,0.9676765281088038,12855,11013,565,207
CAMERA,camera9,16687,0.9279678791873914,0.8900938477580813,0.9829571625978811,0.8682993877296014,0.934223486921309,0.9256282751637412,8536,6949,1054,148
WEATHER,OVERCAST,50367,0.9539182401175372,0.9315478389360916,0.9817792485886704,0.9249250465926586,0.9560041702208322,0.9533521475906646,25217,22829,1853,468
WEATHER,RAINY,42858,0.9558308833823324,0.9302941586504949,0.9807466196355086,0.9331729484095161,0.9548544036631609,0.9569597840225124,20019,20946,1500,393
WEATHER,SUNNY,72305,0.9455777608740751,0.9393164598531585,0.9674333204483958,0.9163135250541843,0.9531675850659939,0.94187342275129,40044,28326,2587,1348
