group,name,image_path,spot_id,camera,weather,category,occupied_gt,occupied_pred,status,output_path,source_image_sha256,sha256
tp,tp,upstream_full/CNRPark-EXT/camera1/OVERCAST/2015-11-16/2015-11-16_09_10_00.jpg,21000000875,camera1,OVERCAST,tp,1,1,generated,screenshots/tp/tp_5ca0525b5a_spot21000000875.jpg,dda75d44e26fe9e32b9cdac842ca91887eb8ed2f655192a0491838932b200bd1,b54d3b830cf556c4f467aba93a4707db8d68d357f59614751d5f0719d94cc068
tp,tp,upstream_full/CNRPark-EXT/camera1/RAINY/2016-01-08/2016-01-08_09_19_00.jpg,21000009695,camera1,RAINY,tp,1,1,generated,screenshots/tp/tp_c3b1073e4e_spot21000009695.jpg,3126950486bf0f534079c0003696d9555c799d64d9b2ba3e902eaf044d15f643,968936cc7b2f55485fe7232e1343325af73279954a81e45434af0095efe8ba1a
tp,tp,upstream_full/CNRPark-EXT/camera5/RAINY/2016-01-14/2016-01-14_17_08_00.jpg,25000020460,camera5,RAINY,tp,1,1,generated,screenshots/tp/tp_4c18672ea2_spot25000020460.jpg,4710e36b49a4c0f133e82ae156412b06f29203712a2ce5ccdda93e1d57b79003,ae0c45d4a6d48817bd9c520f64fa61157d54ef4407526e4c94ce28620a87942e
tn,tn,upstream_full/CNRPark-EXT/camera1/OVERCAST/2015-11-16/2015-11-16_09_10_00.jpg,21000000883,camera1,OVERCAST,tn,0,0,generated,screenshots/tn/tn_5ca0525b5a_spot21000000883.jpg,dda75d44e26fe9e32b9cdac842ca91887eb8ed2f655192a0491838932b200bd1,3fe8408b086c6f091ef969089cd426834788f10e88ce8c733de96370a76adc95
tn,tn,upstream_full/CNRPark-EXT/camera1/RAINY/2016-01-08/2016-01-08_09_19_00.jpg,21000009712,camera1,RAINY,tn,0,0,generated,screenshots/tn/tn_c3b1073e4e_spot21000009712.jpg,3126950486bf0f534079c0003696d9555c799d64d9b2ba3e902eaf044d15f643,3f7f5523392a166306ce203ce0a2e4d3cae1ba3081047630d30c1c0d05446054
tn,tn,upstream_full/CNRPark-EXT/camera5/RAINY/2016-01-14/2016-01-14_17_08_00.jpg,25000020463,camera5,RAINY,tn,0,0,generated,screenshots/tn/tn_4c18672ea2_spot25000020463.jpg,4710e36b49a4c0f133e82ae156412b06f29203712a2ce5ccdda93e1d57b79003,09b4a1c6a57ea34d0c84f1b7077e59cad3742927ebcd0abf77580831d3b88017
fp,fp,upstream_full/CNRPark-EXT/camera1/OVERCAST/2015-11-16/2015-11-16_09_10_00.jpg,21000000876,camera1,OVERCAST,fp,0,1,generated,screenshots/fp/fp_5ca0525b5a_spot21000000876.jpg,dda75d44e26fe9e32b9cdac842ca91887eb8ed2f655192a0491838932b200bd1,b1e769a879b118c9feb18736afb3c0628b3bae80843653260df640c8136b26a3
fp,fp,upstream_full/CNRPark-EXT/camera1/RAINY/2016-01-08/2016-01-08_09_19_00.jpg,21000009696,camera1,RAINY,fp,0,1,generated,screenshots/fp/fp_c3b1073e4e_spot21000009696.jpg,3126950486bf0f534079c0003696d9555c799d64d9b2ba3e902eaf044d15f643,dd3b3075687275fbb33cbdc85e5deabad441e50258bf663eb0a0a9370b0c262e
fp,fp,upstream_full/CNRPark-EXT/camera5/RAINY/2016-01-14/2016-01-14_17_08_00.jpg,25000020476,camera5,RAINY,fp,0,1,generated,screenshots/fp/fp_4c18672ea2_spot25000020476.jpg,4710e36b49a4c0f133e82ae156412b06f29203712a2ce5ccdda93e1d57b79003,52eae79190c572f5634a962c6819506e99648b6cf07c88cd73e4dcf8ce36c2a0
fn,fn,upstream_full/CNRPark-EXT/camera1/OVERCAST/2015-11-16/2015-11-16_09_10_00.jpg,21000000879,camera1,OVERCAST,fn,1,0,generated,screenshots/fn/fn_5ca0525b5a_spot21000000879.jpg,dda75d44e26fe9e32b9cdac842ca91887eb8ed2f655192a0491838932b200bd1,f4fea0636ad1ddfe3309369d32765fdbf770722fd4c4aefcfe6e320f1f2c52cd
fn,fn,upstream_full/CNRPark-EXT/camera5/RAINY/2016-01-14/2016-01-14_17_08_00.jpg,25000020465,camera5,RAINY,fn,1,0,generated,screenshots/fn/fn_4c18672ea2_spot25000020465.jpg,4710e36b49a4c0f133e82ae156412b06f29203712a2ce5ccdda93e1d57b79003,a693da327887a2c6689837bc2b9dba15226d9292bce85d9e64b757a8ac6c2a1d
fn,fn,upstream_full/CNRPark-EXT/camera7/RAINY/2016-01-14/2016-01-14_16_40_00.jpg,27000019717,camera7,RAINY,fn,1,0,generated,screenshots/fn/fn_c5e982e7ba_spot27000019717.jpg,bf8b0585ddfab248234a28ec723670dc88ec31c28602d25a871c156ee4288b06,3e43d9f6be4826df6268cd3f1640379764a8b6b2da1dc28eb636b3243f6b0d23
by_camera,camera1,upstream_full/CNRPark-EXT/camera1/OVERCAST/2015-11-16/2015-11-16_09_10_00.jpg,21000000876,camera1,OVERCAST,fp,0,1,generated,screenshots/by_camera/camera1_5ca0525b5a_spot21000000876.jpg,dda75d44e26fe9e32b9cdac842ca91887eb8ed2f655192a0491838932b200bd1,b1e769a879b118c9feb18736afb3c0628b3bae80843653260df640c8136b26a3
by_camera,camera1_success,upstream_full/CNRPark-EXT/camera1/SUNNY/2016-01-12/2016-01-12_10_17_00.jpg,21000011095,camera1,SUNNY,tp,1,1,generated,screenshots/by_camera/camera1_success_24216d0747_spot21000011095.jpg,f509c474eda602b2a8d4d70240c71e4a922d4e2e81d42957f2f47986b8fa945c,779f7ad089e5d8050976cb2f4094e01769d2a95260c45dc5f7d0f49293d4a292
by_camera,camera2,upstream_full/CNRPark-EXT/camera2/SUNNY/2016-01-12/2016-01-12_13_53_00.jpg,22000003270,camera2,SUNNY,fp,0,1,generated,screenshots/by_camera/camera2_8c0b89cd8d_spot22000003270.jpg,7fb75e0882d1fe1ddd2d7998ed9a3c06c781c25218e9b49b7ed62f3a56e01327,12cafbc4a81d47725e08bea95825b245e74b74901d1da16492f885f133a6ae61
by_camera,camera2_success,upstream_full/CNRPark-EXT/camera2/SUNNY/2016-01-18/2016-01-18_17_04_00.jpg,22000004350,camera2,SUNNY,tp,1,1,generated,screenshots/by_camera/camera2_success_bcaf3ae7cd_spot22000004350.jpg,1b8672ceda66035ae64514ebb8cb2d408939c68df6e24079a2d3f8853d692a43,b6f4a66cc1e39e01d5c02207667667950194480d2902269b38197737171258bc
by_camera,camera3,upstream_full/CNRPark-EXT/camera3/SUNNY/2016-01-13/2016-01-13_14_18_00.jpg,23000007965,camera3,SUNNY,fp,0,1,generated,screenshots/by_camera/camera3_9f596984d5_spot23000007965.jpg,3707c4365a4ba8d01da7c7d2cc65e33c0a400eb3d07d2ce0edf0b7ceb5983f65,fc3a46b714d76a4610e73972371ecb5c94c76a51b44dc715cee88db743f1bcf7
by_camera,camera3_success,upstream_full/CNRPark-EXT/camera3/RAINY/2016-01-09/2016-01-09_13_19_00.jpg,23000007017,camera3,RAINY,tn,0,0,generated,screenshots/by_camera/camera3_success_70e967f59a_spot23000007017.jpg,58458d5155e176de5eb6278c6163013ee2ab078105f45b908758a5518e02c127,800468ee4d073e415209b1d55659e5a0a702c4da08c718f6cbb5031e1057dc4e
by_camera,camera4,upstream_full/CNRPark-EXT/camera4/SUNNY/2016-01-12/2016-01-12_13_49_00.jpg,24000013892,camera4,SUNNY,fp,0,1,generated,screenshots/by_camera/camera4_dc1c5bf4b4_spot24000013892.jpg,b59a7c0bb45d8bb463e4a0840086627db9ff693a2400f0e55eb3b35c6588d91f,949d8a4af73c601c9956be383f6a145a64e69181afb6dc7d98a743d976dd94df
by_camera,camera4_success,upstream_full/CNRPark-EXT/camera4/OVERCAST/2015-11-16/2015-11-16_07_16_00.jpg,24000000871,camera4,OVERCAST,tn,0,0,generated,screenshots/by_camera/camera4_success_1d05a0e21a_spot24000000871.jpg,b802bc8f2ccc3b82c2c164517aecb69621a169d56dcae80de5668ffe0df93746,5da1d6716747b9de78478da3c4f2fb1d9514d3738794ccf4239380fb0d9b3539
by_camera,camera5,upstream_full/CNRPark-EXT/camera5/RAINY/2016-01-14/2016-01-14_17_08_00.jpg,25000020476,camera5,RAINY,fp,0,1,generated,screenshots/by_camera/camera5_4c18672ea2_spot25000020476.jpg,4710e36b49a4c0f133e82ae156412b06f29203712a2ce5ccdda93e1d57b79003,52eae79190c572f5634a962c6819506e99648b6cf07c88cd73e4dcf8ce36c2a0
by_camera,camera5_success,upstream_full/CNRPark-EXT/camera5/RAINY/2015-11-21/2015-11-21_08_06_00.jpg,25000003312,camera5,RAINY,tn,0,0,generated,screenshots/by_camera/camera5_success_529be7238f_spot25000003312.jpg,e24bf27f85519df3a8fe5a8bfc2e0e91b59a5238aacff26e45c561fe9a23ce0b,c31a7a929965a65aebfea6d206da8dea89dcb5a0d2f30b70830aea94c2064d25
by_camera,camera6,upstream_full/CNRPark-EXT/camera6/RAINY/2016-01-14/2016-01-14_17_08_00.jpg,26000020534,camera6,RAINY,fp,0,1,generated,screenshots/by_camera/camera6_0b19f94689_spot26000020534.jpg,e546756e7ac488748e5e118a6a4fe89f03574504f82bdad989852436579eed50,330495e8286c425e86c696ea4ca7cec70710b28e51e871c6e1b996f57ff2c741
by_camera,camera6_success,upstream_full/CNRPark-EXT/camera6/OVERCAST/2015-11-16/2015-11-16_07_17_00.jpg,26000001173,camera6,OVERCAST,tn,0,0,generated,screenshots/by_camera/camera6_success_7bba512dd3_spot26000001173.jpg,4fa1d4261c719c980e9744426572948e712a3f04f7fd93465e01549a03755e34,46d1523d2d79dc4dae4b7a860442f6b3181f63b60fc178d0857e768361adb7e3
by_camera,camera7,upstream_full/CNRPark-EXT/camera7/RAINY/2016-01-14/2016-01-14_16_40_00.jpg,27000019734,camera7,RAINY,fp,0,1,generated,screenshots/by_camera/camera7_c5e982e7ba_spot27000019734.jpg,bf8b0585ddfab248234a28ec723670dc88ec31c28602d25a871c156ee4288b06,7e7e4b7bb4e2120dd029141c6da6f5c80baa3728399bece536f6da115d3727f4
by_camera,camera7_success,upstream_full/CNRPark-EXT/camera7/OVERCAST/2015-11-16/2015-11-16_07_17_00.jpg,27000001147,camera7,OVERCAST,tn,0,0,generated,screenshots/by_camera/camera7_success_8c4e62b07f_spot27000001147.jpg,62754b7b7853fa90e4cc2568159df840ffe21ca04a833740a0e85344d5fb439d,68c007a45c9f90ad0a2da03e74eb47ce6fd61b71d5f410d9e6b5342768bce15f
by_camera,camera8,upstream_full/CNRPark-EXT/camera8/RAINY/2016-02-12/2016-02-12_17_42_00.jpg,28000024586,camera8,RAINY,fp,0,1,generated,screenshots/by_camera/camera8_2a090b6cd7_spot28000024586.jpg,127ebe8063af53f8e3a481d7a277480d456d45e8a3993d324335a700f3d9166f,c27e84eb9faa022a66308ca7d2d27da647803f4c5f4076f101acd479cf996eec
by_camera,camera8_success,upstream_full/CNRPark-EXT/camera8/OVERCAST/2015-12-03/2015-12-03_16_54_00.jpg,28000009737,camera8,OVERCAST,tp,1,1,generated,screenshots/by_camera/camera8_success_72f145b118_spot28000009737.jpg,9d86777b4cd830931df52403e5c1d7576776c1b3fa116c021d47a9e4be36b02d,a1e15c0237e2ef49cb67053611cc952fb34a054b10758b1316a321ab9c9d734d
by_camera,camera9,upstream_full/CNRPark-EXT/camera9/SUNNY/2016-01-13/2016-01-13_12_22_00.jpg,29000012580,camera9,SUNNY,fp,0,1,generated,screenshots/by_camera/camera9_b31c3ef397_spot29000012580.jpg,b7deba2f5d8bbf7ca917d71f930d8dc29ed16cea1b135e30484c788e076e7cd6,2098ebb9925d4047bac434a2c52bcf4d516ac066c32aa172c8c73166629016ae
by_camera,camera9_success,upstream_full/CNRPark-EXT/camera9/SUNNY/2016-01-16/2016-01-16_16_40_00.jpg,29000015110,camera9,SUNNY,tn,0,0,generated,screenshots/by_camera/camera9_success_8801f94446_spot29000015110.jpg,120ff93042c6b5dce573a373f202ee1b20f71c460221ba7d1d5079b93c3bc3e4,42bde3b4d7b2d92701e5683bbf58041196127fdcaa5365e151cca05a01c80449
by_weather,OVERCAST,upstream_full/CNRPark-EXT/camera1/OVERCAST/2015-11-16/2015-11-16_09_10_00.jpg,21000000875,camera1,OVERCAST,tp,1,1,generated,screenshots/by_weather/OVERCAST_5ca0525b5a_spot21000000875.jpg,dda75d44e26fe9e32b9cdac842ca91887eb8ed2f655192a0491838932b200bd1,b54d3b830cf556c4f467aba93a4707db8d68d357f59614751d5f0719d94cc068
by_weather,RAINY,upstream_full/CNRPark-EXT/camera1/RAINY/2016-01-08/2016-01-08_09_19_00.jpg,21000009695,camera1,RAINY,tp,1,1,generated,screenshots/by_weather/RAINY_c3b1073e4e_spot21000009695.jpg,3126950486bf0f534079c0003696d9555c799d64d9b2ba3e902eaf044d15f643,968936cc7b2f55485fe7232e1343325af73279954a81e45434af0095efe8ba1a
by_weather,SUNNY,upstream_full/CNRPark-EXT/camera1/SUNNY/2015-12-17/2015-12-17_09_18_00.jpg,21000007035,camera1,SUNNY,fp,0,1,generated,screenshots/by_weather/SUNNY_413cd72ab9_spot21000007035.jpg,5c8f2fb6fee5e35ce0a30ce647a3a4cdc92ba0741e0a8eaff5d4625119e3f473,43d26116b0fa47ffb7e7fdba76f1dc874a054db97090a04e6505452b30d473c5
