time_sec,timestamp,ground_truth_occupied_space_count,occupied_pred,error,abs_error,split,occupied_pred_candidate,candidate_error,candidate_abs_error
10.0,0:10,18,16,-2,2,DEV,16,-2,2
20.0,0:20,18,16,-2,2,DEV,16,-2,2
30.0,0:30,18,16,-2,2,DEV,16,-2,2
40.0,0:40,18,16,-2,2,DEV,16,-2,2
50.0,0:50,18,16,-2,2,DEV,16,-2,2
60.0,1:00,18,17,-1,1,DEV,17,-1,1
70.0,1:10,18,17,-1,1,DEV,17,-1,1
80.0,1:20,18,17,-1,1,DEV,17,-1,1
90.0,1:30,18,17,-1,1,DEV,17,-1,1
100.0,1:40,18,17,-1,1,DEV,17,-1,1
110.0,1:50,18,17,-1,1,DEV,17,-1,1
120.0,2:00,18,17,-1,1,DEV,17,-1,1
130.0,2:10,18,17,-1,1,DEV,17,-1,1
140.0,2:20,18,16,-2,2,DEV,16,-2,2
150.0,2:30,18,16,-2,2,DEV,16,-2,2
160.0,2:40,18,16,-2,2,DEV,16,-2,2
170.0,2:50,18,17,-1,1,DEV,17,-1,1
180.0,3:00,18,17,-1,1,DEV,17,-1,1
190.0,3:10,18,17,-1,1,DEV,17,-1,1
200.0,3:20,18,17,-1,1,DEV,17,-1,1
210.0,3:30,18,17,-1,1,DEV,17,-1,1
220.0,3:40,18,17,-1,1,DEV,17,-1,1
230.0,3:50,18,17,-1,1,DEV,17,-1,1
240.0,4:00,18,17,-1,1,DEV,17,-1,1
250.0,4:10,18,17,-1,1,DEV,17,-1,1
260.0,4:20,19,16,-3,3,DEV,16,-3,3
270.0,4:30,19,17,-2,2,DEV,17,-2,2
280.0,4:40,19,17,-2,2,DEV,17,-2,2
290.0,4:50,19,17,-2,2,DEV,17,-2,2
300.0,5:00,19,17,-2,2,DEV,17,-2,2
310.0,5:10,19,17,-2,2,DEV,17,-2,2
320.0,5:20,19,17,-2,2,DEV,17,-2,2
330.0,5:30,19,17,-2,2,DEV,17,-2,2
340.0,5:40,19,17,-2,2,DEV,17,-2,2
350.0,5:50,19,17,-2,2,DEV,17,-2,2
360.0,6:00,19,17,-2,2,DEV,17,-2,2
370.0,6:10,19,17,-2,2,DEV,17,-2,2
380.0,6:20,19,17,-2,2,DEV,17,-2,2
390.0,6:30,19,17,-2,2,DEV,17,-2,2
400.0,6:40,19,17,-2,2,DEV,17,-2,2
410.0,6:50,19,17,-2,2,DEV,17,-2,2
420.0,7:00,19,17,-2,2,DEV,17,-2,2
430.0,7:10,19,17,-2,2,DEV,17,-2,2
440.0,7:20,19,17,-2,2,DEV,17,-2,2
450.0,7:30,19,17,-2,2,DEV,17,-2,2
460.0,7:40,19,17,-2,2,DEV,17,-2,2
470.0,7:50,19,17,-2,2,DEV,17,-2,2
480.0,8:00,19,17,-2,2,DEV,17,-2,2
490.0,8:10,19,17,-2,2,DEV,17,-2,2
500.0,8:20,19,17,-2,2,DEV,17,-2,2
510.0,8:30,19,17,-2,2,DEV,17,-2,2
520.0,8:40,19,17,-2,2,DEV,17,-2,2
530.0,8:50,19,17,-2,2,DEV,17,-2,2
540.0,9:00,19,17,-2,2,DEV,17,-2,2
550.0,9:10,19,17,-2,2,DEV,17,-2,2
560.0,9:20,19,17,-2,2,DEV,17,-2,2
570.0,9:30,19,17,-2,2,DEV,17,-2,2
580.0,9:40,19,17,-2,2,DEV,17,-2,2
590.0,9:50,19,17,-2,2,DEV,17,-2,2
600.0,10:00,19,17,-2,2,DEV,17,-2,2
610.0,10:10,19,17,-2,2,DEV,17,-2,2
620.0,10:20,19,17,-2,2,DEV,17,-2,2
630.0,10:30,19,17,-2,2,DEV,17,-2,2
640.0,10:40,19,17,-2,2,DEV,17,-2,2
650.0,10:50,19,17,-2,2,DEV,17,-2,2
660.0,11:00,19,17,-2,2,DEV,17,-2,2
670.0,11:10,19,17,-2,2,DEV,17,-2,2
680.0,11:20,19,17,-2,2,DEV,17,-2,2
690.0,11:30,19,17,-2,2,DEV,17,-2,2
700.0,11:40,19,17,-2,2,DEV,17,-2,2
710.0,11:50,19,17,-2,2,DEV,17,-2,2
720.0,12:00,19,18,-1,1,DEV,18,-1,1
730.0,12:10,19,18,-1,1,DEV,18,-1,1
740.0,12:20,19,18,-1,1,DEV,18,-1,1
750.0,12:30,19,18,-1,1,DEV,18,-1,1
760.0,12:40,19,19,0,0,DEV,19,0,0
770.0,12:50,19,19,0,0,DEV,19,0,0
780.0,13:00,19,19,0,0,DEV,19,0,0
790.0,13:10,19,19,0,0,DEV,19,0,0
800.0,13:20,19,19,0,0,DEV,19,0,0
810.0,13:30,19,19,0,0,DEV,19,0,0
820.0,13:40,19,19,0,0,DEV,19,0,0
830.0,13:50,19,19,0,0,DEV,19,0,0
840.0,14:00,19,19,0,0,DEV,19,0,0
850.0,14:10,19,19,0,0,DEV,19,0,0
860.0,14:20,19,19,0,0,DEV,19,0,0
870.0,14:30,19,19,0,0,DEV,19,0,0
880.0,14:40,19,19,0,0,DEV,19,0,0
890.0,14:50,18,18,0,0,DEV,18,0,0
900.0,15:00,18,18,0,0,TEST,18,0,0
910.0,15:10,18,18,0,0,TEST,18,0,0
920.0,15:20,18,18,0,0,TEST,18,0,0
930.0,15:30,18,18,0,0,TEST,18,0,0
940.0,15:40,18,18,0,0,TEST,18,0,0
950.0,15:50,17,17,0,0,TEST,17,0,0
960.0,16:00,17,18,1,1,TEST,17,0,0
970.0,16:10,17,18,1,1,TEST,17,0,0
980.0,16:20,18,18,0,0,TEST,18,0,0
990.0,16:30,18,18,0,0,TEST,18,0,0
1000.0,16:40,18,18,0,0,TEST,18,0,0
1010.0,16:50,18,18,0,0,TEST,18,0,0
1020.0,17:00,17,18,1,1,TEST,18,1,1
1030.0,17:10,17,18,1,1,TEST,17,0,0
1040.0,17:20,17,18,1,1,TEST,17,0,0
1050.0,17:30,18,18,0,0,TEST,18,0,0
1060.0,17:40,18,18,0,0,TEST,18,0,0
1070.0,17:50,18,18,0,0,TEST,18,0,0
1080.0,18:00,18,18,0,0,TEST,18,0,0
1090.0,18:10,18,18,0,0,TEST,18,0,0
1100.0,18:20,18,18,0,0,TEST,18,0,0
1110.0,18:30,18,18,0,0,TEST,18,0,0
1120.0,18:40,18,18,0,0,TEST,18,0,0
1130.0,18:50,18,18,0,0,TEST,18,0,0
1140.0,19:00,18,18,0,0,TEST,18,0,0
1150.0,19:10,18,18,0,0,TEST,18,0,0
1160.0,19:20,18,18,0,0,TEST,18,0,0
1170.0,19:30,18,18,0,0,TEST,18,0,0
1180.0,19:40,18,18,0,0,TEST,18,0,0
1190.0,19:50,18,18,0,0,TEST,18,0,0
1200.0,20:00,18,18,0,0,TEST,18,0,0
1210.0,20:10,18,18,0,0,TEST,18,0,0
1220.0,20:20,18,18,0,0,TEST,18,0,0
1230.0,20:30,18,18,0,0,TEST,18,0,0
