window,start_sec,end_sec,algorithm,N,eligible_N,missing_pair_N,status,exact_rate,MAE,max_abs_error,over_rate,under_rate
W1,0.0,330.0,SAFE_BASELINE,32,32,0,evaluated,0.0,1.5,3.0,0.0,1.0
W1,0.0,330.0,CANDIDATE,32,32,0,evaluated,0.0,1.5,3.0,0.0,1.0
W2,330.0,660.0,SAFE_BASELINE,33,33,0,evaluated,0.0,2.0,2.0,0.0,1.0
W2,330.0,660.0,CANDIDATE,33,33,0,evaluated,0.0,2.0,2.0,0.0,1.0
W3,660.0,900.0,SAFE_BASELINE,24,24,0,evaluated,0.5833333333333334,0.6666666666666666,2.0,0.0,0.4166666666666667
W3,660.0,900.0,CANDIDATE,24,24,0,evaluated,0.5833333333333334,0.6666666666666666,2.0,0.0,0.4166666666666667
W4,900.0,1230.0,SAFE_BASELINE,34,34,0,evaluated,0.8529411764705882,0.14705882352941177,1.0,0.14705882352941177,0.0
W4,900.0,1230.0,CANDIDATE,34,34,0,evaluated,0.9705882352941176,0.029411764705882353,1.0,0.029411764705882353,0.0
ALL,0.0,,SAFE_BASELINE,123,123,0,evaluated,0.34959349593495936,1.0975609756097562,3.0,0.04065040650406504,0.6097560975609756
ALL,0.0,,CANDIDATE,123,123,0,evaluated,0.3821138211382114,1.065040650406504,3.0,0.008130081300813009,0.6097560975609756
