scope,time_sec,timestamp,id,global_id,from_state,to_state,cctv,phase,dominant_track_id,evidence_mode
LOCAL,0.0,0:00,C1_S003,G003,EMPTY,OCCUPIED,cctv1,OCCUPIED,1,FULL
LOCAL,0.0,0:00,C1_S004,G004,EMPTY,OCCUPIED,cctv1,OCCUPIED,3,FULL
LOCAL,0.0,0:00,C1_S005,G005,EMPTY,OCCUPIED,cctv1,OCCUPIED,2,FULL
LOCAL,0.0,0:00,C2_S001,G007,EMPTY,OCCUPIED,cctv2,OCCUPIED,4,FULL
LOCAL,0.0,0:00,C2_S002,G008,EMPTY,OCCUPIED,cctv2,OCCUPIED,8,FULL
LOCAL,0.0,0:00,C2_S006,G003,EMPTY,OCCUPIED,cctv2,OCCUPIED,1,FULL
LOCAL,0.0,0:00,C2_S007,G004,EMPTY,OCCUPIED,cctv2,OCCUPIED,5,FULL
LOCAL,0.0,0:00,C2_S008,G006,EMPTY,OCCUPIED,cctv2,OCCUPIED,7,FULL
LOCAL,0.0,0:00,C2_S009,G005,EMPTY,OCCUPIED,cctv2,OCCUPIED,6,FULL
LOCAL,0.0,0:00,C2_S011,G017,EMPTY,OCCUPIED,cctv2,OCCUPIED,2,FULL
LOCAL,0.0,0:00,C2_S012,G018,EMPTY,OCCUPIED,cctv2,OCCUPIED,9,FULL
LOCAL,0.0,0:00,C3_S001,G021,EMPTY,OCCUPIED,cctv3,OCCUPIED,6,FULL
LOCAL,0.0,0:00,C3_S004,G024,EMPTY,OCCUPIED,cctv3,OCCUPIED,1,FULL
LOCAL,0.0,0:00,C3_S005,G025,EMPTY,OCCUPIED,cctv3,OCCUPIED,2,FULL
LOCAL,0.0,0:00,C3_S006,G026,EMPTY,OCCUPIED,cctv3,OCCUPIED,3,FULL
LOCAL,0.0,0:00,C3_S010,G007,EMPTY,OCCUPIED,cctv3,OCCUPIED,8,FULL
LOCAL,0.0,0:00,C3_S011,G008,EMPTY,OCCUPIED,cctv3,OCCUPIED,5,FULL
LOCAL,0.0,0:00,C3_S012,G009,EMPTY,OCCUPIED,cctv3,OCCUPIED,4,FULL
LOCAL,1.0,0:01,C2_S004,G010,EMPTY,OCCUPIED,cctv2,OCCUPIED,11,FULL
GLOBAL,1.0,0:01,G010,G010,EMPTY,OCCUPIED,MULTI,OCCUPIED,-1,FULL
LOCAL,3.0,0:03,C2_S003,G009,EMPTY,OCCUPIED,cctv2,OCCUPIED,14,FULL
LOCAL,16.0,0:16,C2_S003,G009,OCCUPIED,EMPTY,cctv2,EMPTY,8,FULL
LOCAL,33.0,0:33,C2_S010,G002,EMPTY,OCCUPIED,cctv2,OCCUPIED,21,FULL
GLOBAL,33.0,0:33,G002,G002,EMPTY,OCCUPIED,MULTI,OCCUPIED,-1,FULL
LOCAL,43.0,0:43,C2_S010,G002,OCCUPIED,EMPTY,cctv2,EMPTY,21,FULL
GLOBAL,43.0,0:43,G002,G002,OCCUPIED,EMPTY,MULTI,EMPTY,-1,FULL
LOCAL,53.0,0:53,C3_S007,G027,EMPTY,OCCUPIED,cctv3,OCCUPIED,8,FULL
GLOBAL,53.0,0:53,G027,G027,EMPTY,OCCUPIED,MULTI,OCCUPIED,-1,FULL
LOCAL,56.0,0:56,C1_S001,G001,EMPTY,OCCUPIED,cctv1,OCCUPIED,10,FULL
GLOBAL,56.0,0:56,G001,G001,EMPTY,OCCUPIED,MULTI,OCCUPIED,-1,FULL
LOCAL,202.0,3:22,C3_S010,G007,OCCUPIED,EMPTY,cctv3,EMPTY,33,FULL
LOCAL,258.0,4:18,C2_S013,G019,EMPTY,OCCUPIED,cctv2,OCCUPIED,72,FULL
GLOBAL,258.0,4:18,G019,G019,EMPTY,OCCUPIED,MULTI,OCCUPIED,-1,FULL
LOCAL,264.0,4:24,C3_S003,G020,EMPTY,OCCUPIED,cctv3,OCCUPIED,42,FULL
GLOBAL,264.0,4:24,G020,G020,EMPTY,OCCUPIED,MULTI,OCCUPIED,-1,FULL
LOCAL,310.0,5:10,C3_S010,G007,EMPTY,OCCUPIED,cctv3,OCCUPIED,53,FULL
